,Label,Price,Rank,Combination,Dry,Normal,Oily,target
0,0,175,4.1,1,1,1,1,0
1,0,179,4.1,1,1,1,1,0
2,0,68,4.4,1,1,1,1,1
3,0,175,3.8,1,1,1,1,0
4,0,38,4.1,1,1,1,1,0
5,0,68,4.2,1,0,1,1,0
6,0,60,4.2,1,1,1,1,1
7,0,72,4.4,1,1,1,1,1
8,0,29,4.4,1,1,1,1,0
9,0,325,5.0,0,0,0,0,1
10,0,45,4.3,0,0,0,0,1
11,0,47,4.4,1,1,1,1,0
12,0,38,4.5,1,0,1,1,1
13,0,105,4.1,1,1,1,1,0
14,0,58,4.6,1,1,1,1,0
15,0,90,4.4,1,1,1,1,1
16,0,30,4.6,1,1,1,1,0
17,0,39,4.4,1,1,1,1,0
18,0,40,4.4,0,0,0,0,1
19,0,230,4.3,0,1,1,0,0
20,0,85,4.1,1,1,1,1,0
21,0,30,3.9,0,0,0,0,1
22,0,78,4.6,0,0,0,0,1
23,0,92,4.1,1,1,1,0,1
24,0,38,4.6,0,1,1,0,1
25,0,100,4.4,0,0,0,0,1
26,0,40,4.5,1,1,1,1,1
27,0,34,4.4,1,1,1,1,0
28,0,28,3.9,1,1,0,0,1
29,0,240,4.1,1,1,1,1,0
30,0,68,4.4,0,0,0,0,1
31,0,48,4.5,1,1,1,1,0
32,0,38,4.2,1,1,1,1,0
33,0,48,4.5,0,1,0,1,0
34,0,38,3.9,1,1,1,1,1
35,0,54,3.9,0,0,0,0,1
36,0,25,4.4,1,1,1,1,0
37,0,35,4.4,0,1,1,0,0
38,0,99,4.1,1,1,1,1,0
39,0,39,4.2,0,0,0,0,1
40,0,48,4.0,1,1,1,0,0
41,0,63,4.4,0,1,1,0,1
42,0,28,4.5,1,0,0,1,1
43,0,55,4.3,1,1,1,1,1
44,0,80,4.2,1,1,1,1,0
45,0,45,4.1,1,1,1,1,0
46,0,48,4.6,1,1,1,1,0
47,0,32,3.7,0,0,0,0,1
48,0,65,4.2,1,1,1,0,0
49,0,18,4.3,1,0,1,1,0
50,0,10,4.5,1,1,1,1,0
51,0,58,4.8,1,1,1,1,0
52,0,245,4.2,1,1,1,1,0
53,0,72,4.4,1,1,1,1,0
54,0,37,4.3,1,1,1,1,1
55,0,57,4.5,0,0,0,0,1
56,0,29,4.4,1,1,1,1,0
57,0,100,4.4,0,0,0,0,1
58,0,30,4.6,1,1,1,1,0
59,0,120,4.3,1,1,1,0,0
60,0,44,4.6,1,1,1,1,0
61,0,60,4.0,1,1,1,1,0
62,0,60,4.5,1,0,1,1,1
63,0,52,4.2,1,1,1,1,0
64,0,39,4.2,1,1,1,1,0
65,0,72,4.4,1,0,1,1,1
66,0,44,4.1,1,1,1,1,0
67,0,42,4.0,0,0,0,0,1
68,0,65,4.1,1,1,1,1,0
69,0,54,4.0,0,0,0,0,1
70,0,38,3.9,1,1,1,1,0
71,0,110,4.5,1,1,1,0,0
72,0,49,4.0,1,1,1,1,1
73,0,82,4.4,0,0,0,0,1
74,0,48,4.6,1,1,1,0,0
75,0,72,4.4,0,1,1,0,0
76,0,52,4.4,0,0,0,0,1
77,0,38,4.3,1,1,1,1,0
78,0,195,4.4,1,1,1,1,0
79,0,59,4.3,1,1,1,1,1
80,0,45,4.1,1,1,1,1,0
81,0,52,4.4,1,1,1,1,0
82,0,145,4.5,1,1,1,1,1
83,0,48,4.3,1,1,1,1,0
84,0,95,4.0,0,0,0,0,1
85,0,290,4.4,1,1,1,1,0
86,0,28,4.2,1,1,1,1,0
87,0,68,3.8,1,1,1,1,0
88,0,60,4.3,0,1,1,0,1
89,0,40,4.1,0,0,0,0,1
90,0,45,4.3,0,0,1,1,1
91,0,36,4.3,0,0,0,0,1
92,0,39,4.4,1,1,0,0,1
93,0,32,3.9,1,1,1,1,0
94,0,36,4.7,1,1,1,1,0
95,0,28,4.5,0,0,0,0,1
96,0,39,4.1,1,0,1,1,0
97,0,190,0.0,0,0,0,0,1
98,0,175,3.3,1,1,1,1,0
99,0,39,4.1,1,1,1,1,0
100,0,135,3.8,1,1,1,1,0
101,0,122,4.3,1,1,1,1,0
102,0,112,4.3,1,1,1,1,0
103,0,35,3.6,0,0,0,0,1
104,0,48,4.3,1,1,1,1,0
105,0,28,4.0,1,0,1,1,0
106,0,40,4.1,1,1,1,1,0
107,0,40,4.4,0,1,0,0,0
108,0,45,4.6,0,0,0,0,1
109,0,48,4.3,1,1,1,1,0
110,0,35,4.5,0,1,1,1,1
111,0,88,4.5,0,1,0,0,0
112,0,48,4.3,1,1,1,1,0
113,0,34,4.7,1,1,1,1,0
114,0,29,3.5,0,0,0,0,1
115,0,48,4.2,1,0,1,1,0
116,0,229,0.0,0,0,0,0,1
117,0,85,4.2,1,1,1,1,0
118,0,84,4.3,0,0,0,0,1
119,0,58,4.7,1,1,1,0,0
120,0,127,4.3,0,0,0,0,1
121,0,45,4.3,0,1,1,0,1
122,0,60,4.3,0,0,0,0,1
123,0,30,4.2,0,0,0,0,1
124,0,32,4.2,0,0,0,0,1
125,0,47,4.7,1,1,1,1,0
126,0,47,3.9,1,0,1,1,1
127,0,42,4.3,1,0,1,1,0
128,0,48,4.4,1,1,1,1,0
129,0,44,4.8,0,0,0,0,1
130,0,58,4.7,1,1,1,0,1
131,0,44,4.8,1,1,1,0,0
132,0,75,4.4,0,0,0,0,1
133,0,38,4.5,1,1,1,1,0
134,0,39,4.4,1,1,1,1,0
135,0,32,4.1,1,1,1,1,0
136,0,38,4.3,1,1,1,1,0
137,0,82,4.6,1,1,1,1,0
138,0,65,4.0,0,0,0,0,1
139,0,95,4.4,1,1,1,1,0
140,0,29,4.2,1,1,1,1,0
141,0,52,4.4,1,1,1,1,0
142,0,82,4.2,0,0,0,0,1
143,0,42,4.1,1,1,1,1,1
144,0,45,3.5,1,1,1,1,0
145,0,68,4.3,1,1,1,1,0
146,0,35,4.6,1,0,1,1,0
147,0,225,4.2,1,1,1,1,0
148,0,75,4.1,1,1,1,1,0
149,0,48,4.9,1,1,1,1,0
150,0,40,4.2,1,0,0,1,1
151,0,34,4.3,1,0,0,1,1
152,0,115,4.3,1,1,1,1,0
153,0,29,4.1,1,0,1,0,1
154,0,36,4.2,1,1,1,1,0
155,0,56,4.1,1,1,1,1,1
156,0,58,4.6,1,1,1,1,0
157,0,24,4.2,1,1,1,1,0
158,0,40,4.3,1,0,1,1,1
159,0,50,4.1,1,1,1,1,1
160,0,90,4.2,0,1,1,0,1
161,0,60,4.7,1,1,1,0,0
162,0,270,3.6,1,1,1,1,0
163,0,39,4.1,1,0,0,1,1
164,0,63,4.3,0,0,0,0,1
165,0,76,4.1,1,1,1,1,0
166,0,175,4.5,0,0,0,0,1
167,0,63,4.0,1,1,1,1,0
168,0,39,3.8,0,0,0,0,1
169,0,28,4.2,1,1,1,1,0
170,0,280,4.0,1,1,1,1,0
171,0,57,4.2,1,0,1,1,1
172,0,39,4.5,0,0,0,0,1
173,0,48,4.4,0,0,0,0,1
174,0,45,4.1,0,0,0,0,1
175,0,45,4.4,1,1,1,1,1
176,0,130,4.0,1,1,1,1,0
177,0,69,5.0,0,0,0,0,1
178,0,125,4.5,1,1,1,1,0
179,0,52,4.5,0,0,0,0,1
180,0,95,4.6,1,1,1,1,0
181,0,88,4.4,1,1,1,1,0
182,0,42,3.9,1,1,1,1,0
183,0,110,3.9,0,0,0,0,1
184,0,80,4.7,0,0,0,0,1
185,0,65,4.2,1,0,1,1,1
186,0,34,4.4,1,1,1,1,0
187,0,94,4.4,0,0,0,0,1
188,0,39,4.0,1,1,1,1,1
189,0,140,4.4,1,1,1,1,0
190,0,76,3.9,1,1,1,0,0
191,0,92,4.1,1,1,1,1,1
192,0,72,4.2,0,1,1,0,0
193,0,54,4.4,1,1,1,1,0
194,0,39,5.0,1,0,0,1,1
195,0,39,4.6,1,1,1,1,0
196,0,105,4.8,0,0,0,0,1
197,0,4,4.2,0,0,0,0,1
198,0,42,4.3,0,0,0,0,1
199,0,48,4.4,1,1,0,1,0
200,0,24,3.8,1,1,1,1,0
201,0,108,4.1,0,0,0,0,1
202,0,92,4.2,1,1,1,1,1
203,0,55,4.2,1,1,1,1,0
204,0,165,4.4,0,0,0,0,1
205,0,39,4.0,1,1,1,1,0
206,0,60,4.3,1,1,1,1,0
207,0,35,4.4,1,1,1,1,0
208,0,160,4.3,1,1,1,1,0
209,0,49,4.3,0,0,0,0,1
210,0,50,4.5,1,1,1,1,0
211,0,90,4.1,1,1,1,1,0
212,0,150,4.1,1,1,1,0,0
213,0,145,4.2,0,0,0,0,1
214,0,39,4.4,1,1,1,1,0
215,0,36,4.1,1,0,1,0,0
216,0,28,4.4,0,0,0,0,1
217,0,49,4.4,1,1,1,1,0
218,0,32,4.1,1,1,1,1,0
219,0,48,4.3,0,0,0,0,1
220,0,35,4.5,0,0,0,0,1
221,0,29,3.9,1,1,1,1,0
222,0,34,4.5,1,1,1,0,0
223,0,75,4.0,1,1,1,0,1
224,0,50,4.4,1,1,1,1,0
225,0,28,4.3,0,0,0,0,1
226,0,115,3.7,1,1,1,1,0
227,0,39,4.2,1,1,1,1,0
228,0,140,5.0,0,0,0,0,1
229,0,95,3.9,1,1,1,1,1
230,0,60,4.2,1,1,1,1,0
231,0,115,4.9,1,1,1,1,0
232,0,58,4.7,0,0,0,0,1
233,0,60,4.6,1,1,1,1,0
234,0,54,4.3,1,1,1,1,0
235,0,27,4.1,0,0,0,0,1
236,0,100,4.2,1,1,1,0,0
237,0,64,4.6,0,0,1,0,0
238,0,23,4.4,0,0,0,0,1
239,0,48,4.5,0,1,1,0,0
240,0,82,4.0,1,1,1,1,0
241,0,25,3.9,0,0,0,0,1
242,0,34,4.2,1,0,1,1,0
243,0,67,4.2,1,1,1,1,1
244,0,38,5.0,1,1,1,0,1
245,0,40,4.4,1,1,1,1,1
246,0,25,4.2,0,0,0,0,1
247,0,49,4.1,1,0,1,1,1
248,0,99,3.9,1,1,1,1,0
249,0,30,4.4,1,1,1,1,0
250,0,38,3.8,0,0,0,0,1
251,0,60,4.4,1,1,1,1,0
252,0,55,4.2,1,1,1,1,0
253,0,65,4.6,1,1,1,1,1
254,0,42,4.3,1,1,1,1,0
255,0,85,4.3,1,1,1,1,1
256,0,69,4.3,1,1,1,0,0
257,0,26,4.1,0,0,0,0,1
258,0,175,4.5,0,0,0,0,1
259,0,69,4.2,0,0,0,0,1
260,0,28,4.5,1,1,1,0,0
261,0,110,3.4,0,1,0,0,1
262,0,45,3.9,0,0,0,0,1
263,0,36,4.1,1,1,1,1,0
264,0,58,4.0,1,1,1,1,0
265,0,88,4.6,1,1,1,1,0
266,0,94,4.7,0,0,0,0,1
267,0,140,4.5,1,1,1,1,0
268,0,30,4.5,1,0,1,1,0
269,0,48,4.6,1,1,1,1,0
270,0,50,4.1,0,0,0,0,1
271,0,54,4.1,0,0,0,0,1
272,0,40,3.9,1,1,1,1,0
273,0,85,4.5,0,0,0,0,1
274,0,60,4.3,0,0,0,0,1
275,0,48,4.4,0,0,0,0,1
276,0,32,4.1,1,1,1,1,0
277,0,48,4.3,1,1,1,1,0
278,0,23,4.3,0,0,0,0,1
279,0,39,0.0,1,1,0,0,1
280,0,39,4.0,1,1,1,1,0
281,0,150,4.5,0,0,0,0,1
282,0,29,4.2,1,1,1,1,0
283,0,95,3.9,1,1,1,1,0
284,0,52,4.7,0,0,0,0,1
285,0,44,4.0,0,0,0,0,1
286,0,59,4.2,1,1,1,1,1
287,0,95,4.4,1,1,1,1,0
288,0,185,4.1,0,0,0,0,1
289,0,29,4.7,0,1,1,0,1
290,0,98,3.9,0,0,0,0,1
291,0,62,4.6,1,1,1,0,1
292,0,49,4.6,1,1,1,1,0
293,0,270,3.9,0,0,1,1,1
294,0,39,4.2,1,0,0,1,0
295,0,136,4.5,0,0,0,0,1
296,0,65,4.1,1,1,1,1,0
297,0,34,4.8,1,1,1,1,0
298,1,80,4.5,1,1,1,1,1
299,1,90,4.3,1,1,1,1,1
300,1,38,4.4,0,0,0,0,1
301,1,34,4.6,1,1,1,1,0
302,1,24,4.5,1,1,1,1,0
303,1,26,4.6,0,0,0,0,1
304,1,44,4.2,0,0,0,0,1
305,1,65,4.4,1,1,1,1,0
306,1,29,4.6,1,1,1,1,0
307,1,35,4.3,0,0,0,0,1
308,1,30,4.7,0,0,0,0,1
309,1,7,4.5,0,0,0,0,1
310,1,38,4.4,1,0,1,1,0
311,1,20,4.4,1,1,1,1,0
312,1,23,4.3,1,1,1,1,0
313,1,10,4.9,0,0,0,0,1
314,1,24,4.4,1,1,1,1,1
315,1,95,4.3,0,0,0,0,1
316,1,32,4.5,1,1,1,1,0
317,1,34,4.1,1,0,1,1,0
318,1,28,4.5,1,0,1,1,0
319,1,26,4.4,1,1,1,1,0
320,1,60,4.7,1,1,1,1,0
321,1,19,4.6,0,0,0,0,1
322,1,76,4.1,1,1,1,1,0
323,1,62,4.6,0,0,0,0,1
324,1,80,4.3,1,1,1,1,0
325,1,38,4.5,0,0,0,0,1
326,1,36,4.4,0,0,0,0,1
327,1,30,4.4,1,1,1,1,0
328,1,30,4.3,1,0,1,1,0
329,1,28,4.7,1,1,1,1,0
330,1,11,4.4,0,0,0,0,1
331,1,29,4.7,1,1,1,1,0
332,1,75,4.3,1,1,1,1,0
333,1,79,4.7,1,1,1,1,1
334,1,18,4.4,1,1,1,1,0
335,1,42,4.2,1,1,1,1,1
336,1,68,4.8,1,1,1,1,1
337,1,28,4.3,1,1,1,1,0
338,1,26,4.6,1,1,1,1,0
339,1,39,4.5,0,0,0,0,1
340,1,28,4.4,1,1,1,1,0
341,1,20,4.6,1,1,1,1,0
342,1,16,4.4,0,0,0,0,1
343,1,16,4.5,1,1,1,1,0
344,1,36,4.8,1,1,1,1,1
345,1,18,4.5,1,1,1,1,1
346,1,7,4.7,0,0,0,0,1
347,1,38,4.5,0,0,0,0,1
348,1,59,4.1,1,1,1,1,1
349,1,35,4.3,1,1,1,1,1
350,1,38,4.4,0,0,0,0,1
351,1,28,3.8,1,0,1,1,0
352,1,30,4.3,1,1,1,1,0
353,1,20,4.3,0,0,0,0,1
354,1,28,4.4,1,1,1,1,0
355,1,95,4.1,1,1,1,1,0
356,1,25,4.4,0,0,0,0,1
357,1,38,4.3,1,0,1,1,1
358,1,34,4.1,1,1,1,1,0
359,1,38,4.5,1,1,1,1,0
360,1,8,4.6,1,1,1,1,0
361,1,50,4.5,1,0,1,1,1
362,1,28,4.3,1,1,1,1,0
363,1,21,4.2,1,1,1,1,1
364,1,28,4.5,1,1,1,1,0
365,1,58,0.0,0,0,0,0,1
366,1,35,4.4,1,1,1,1,0
367,1,75,4.6,1,0,1,0,1
368,1,39,4.6,0,0,0,0,1
369,1,23,4.5,1,1,1,1,0
370,1,26,4.5,1,0,1,0,1
371,1,30,4.4,0,0,0,0,1
372,1,39,4.5,1,1,1,0,0
373,1,22,4.7,1,0,0,1,1
374,1,14,4.0,1,1,1,1,0
375,1,28,4.6,1,1,1,1,1
376,1,20,4.5,1,1,1,1,0
377,1,28,4.6,1,0,0,1,1
378,1,29,3.7,1,1,1,1,0
379,1,34,4.4,1,1,1,1,0
380,1,26,4.5,1,1,1,0,0
381,1,32,4.7,0,0,0,0,1
382,1,19,4.4,1,1,1,1,0
383,1,59,4.1,1,1,1,1,1
384,1,38,4.4,1,1,1,1,0
385,1,32,4.4,1,1,1,1,0
386,1,19,4.6,0,0,0,0,1
387,1,17,4.4,1,1,1,1,1
388,1,23,4.6,1,0,1,1,0
389,1,25,0.0,0,0,0,0,1
390,1,16,4.4,0,0,0,0,1
391,1,28,4.7,1,1,1,1,0
392,1,21,4.6,0,0,0,0,1
393,1,28,4.6,0,0,0,0,1
394,1,70,4.4,1,1,1,1,0
395,1,32,4.4,1,1,1,1,0
396,1,41,5.0,1,1,1,1,1
397,1,38,4.6,1,1,1,1,0
398,1,28,4.5,1,1,1,0,0
399,1,26,4.5,0,0,0,0,1
400,1,15,4.2,1,1,1,1,0
401,1,38,4.7,1,1,1,1,1
402,1,46,4.5,0,0,0,0,1
403,1,18,4.8,0,0,0,0,1
404,1,32,4.4,1,1,1,1,0
405,1,25,5.0,0,0,0,0,1
406,1,7,4.7,0,0,0,0,1
407,1,35,4.6,1,1,1,1,0
408,1,30,4.3,1,1,1,1,0
409,1,32,3.9,1,0,1,1,1
410,1,39,4.5,0,0,0,0,1
411,1,24,4.5,1,1,1,1,0
412,1,7,4.6,0,0,0,0,1
413,1,95,4.2,0,0,0,0,1
414,1,48,4.6,0,0,0,0,1
415,1,25,4.5,1,0,0,1,1
416,1,19,4.5,1,1,1,1,1
417,1,55,4.5,1,1,1,1,0
418,1,28,4.8,1,1,1,1,0
419,1,7,4.6,0,0,0,0,1
420,1,52,3.8,1,1,1,1,1
421,1,32,4.5,0,0,0,0,1
422,1,76,4.1,1,1,1,1,0
423,1,16,4.5,0,0,0,0,1
424,1,22,4.6,0,0,0,0,1
425,1,48,4.2,0,0,0,0,1
426,1,7,4.2,0,0,0,0,1
427,1,33,4.5,0,0,0,0,1
428,1,25,4.4,0,0,0,0,1
429,1,22,4.6,0,0,0,0,1
430,1,14,3.6,0,0,0,0,1
431,1,45,5.0,0,0,0,0,1
432,1,32,4.4,1,1,1,1,0
433,1,24,4.3,1,1,1,1,0
434,1,7,3.3,1,1,1,1,0
435,1,28,4.1,1,1,1,1,0
436,1,28,4.4,1,1,1,1,0
437,1,19,4.3,0,0,0,0,1
438,1,22,4.5,0,0,0,0,1
439,1,38,3.9,1,1,1,1,0
440,1,23,3.8,1,1,1,0,0
441,1,42,4.5,0,0,0,0,1
442,1,22,4.2,1,1,1,1,0
443,1,58,4.2,1,0,1,1,1
444,1,28,4.4,1,0,0,1,1
445,1,60,4.5,0,0,0,0,1
446,1,24,4.5,0,0,0,0,1
447,1,12,4.7,1,1,1,1,0
448,1,60,4.9,1,1,1,1,0
449,1,23,4.2,0,0,0,0,1
450,1,26,4.4,0,0,0,0,1
451,1,12,4.5,1,0,1,1,1
452,1,24,0.0,0,0,0,0,1
453,1,25,4.5,0,0,0,0,1
454,1,24,4.5,1,1,1,1,0
455,1,7,4.1,1,1,1,1,0
456,1,75,4.7,1,0,1,1,1
457,1,7,4.2,1,1,1,1,0
458,1,23,4.3,0,0,0,0,1
459,1,55,3.9,1,0,1,1,0
460,1,15,3.9,0,0,0,0,1
461,1,28,4.6,1,1,1,1,0
462,1,38,4.6,1,1,1,1,0
463,1,75,4.1,1,1,1,1,0
464,1,36,4.3,1,0,1,1,1
465,1,17,4.2,0,0,0,0,1
466,1,33,4.3,0,0,0,0,1
467,1,7,4.4,0,0,0,0,1
468,1,24,4.4,0,0,0,0,1
469,1,23,4.3,0,0,0,0,1
470,1,10,4.3,0,0,0,0,1
471,1,50,4.4,0,0,0,0,1
472,1,60,4.3,1,1,1,1,0
473,1,26,4.1,0,0,0,0,1
474,1,30,4.5,1,1,1,1,0
475,1,16,4.1,0,1,0,0,0
476,1,18,4.3,1,1,1,1,0
477,1,26,4.5,1,1,1,1,0
478,1,28,4.3,0,0,0,1,0
479,1,40,4.3,1,1,1,1,0
480,1,26,3.7,1,1,1,1,0
481,1,24,4.2,1,1,1,1,0
482,1,38,4.2,1,1,1,1,0
483,1,29,3.6,1,1,1,1,0
484,1,30,4.6,1,1,1,1,1
485,1,28,4.3,0,0,0,0,1
486,1,30,4.4,0,0,0,0,1
487,1,38,4.4,1,1,1,1,0
488,1,39,4.5,0,0,0,0,1
489,1,32,4.2,1,0,1,1,1
490,1,30,4.5,1,1,1,1,0
491,1,38,4.4,0,0,0,0,1
492,1,7,4.9,0,0,0,0,1
493,1,15,2.8,0,0,0,0,1
494,1,8,4.5,1,0,0,1,1
495,1,34,4.8,1,1,1,1,0
496,1,42,4.4,1,1,1,1,1
497,1,28,4.4,1,1,1,1,0
498,1,4,4.6,0,0,0,0,1
499,1,34,4.5,1,1,1,1,0
500,1,8,4.3,0,0,0,0,1
501,1,45,4.3,1,1,1,1,0
502,1,95,4.3,1,1,1,1,0
503,1,30,4.4,0,0,0,0,1
504,1,9,4.3,1,1,1,1,1
505,1,16,4.5,0,0,0,0,1
506,1,38,4.4,1,1,1,1,0
507,1,30,4.3,1,1,1,1,0
508,1,73,4.3,0,0,0,0,1
509,1,24,4.4,0,0,0,0,1
510,1,70,4.5,1,1,1,1,0
511,1,55,4.2,1,1,1,1,0
512,1,33,4.6,0,0,0,0,1
513,1,26,4.3,0,0,0,0,1
514,1,38,4.6,0,0,0,0,1
515,1,42,4.5,1,1,1,1,0
516,1,26,4.3,1,1,1,1,0
517,1,26,4.1,0,0,0,0,1
518,1,29,4.3,1,1,1,1,0
519,1,8,4.5,0,0,0,0,1
520,1,34,4.5,0,0,0,0,1
521,1,9,3.4,0,0,0,0,1
522,1,42,4.2,0,0,0,0,1
523,1,22,4.3,0,0,0,0,1
524,1,39,4.5,0,0,0,0,1
525,1,39,4.4,1,1,1,1,0
526,1,20,4.7,1,1,1,1,0
527,1,22,4.6,1,1,1,1,0
528,1,21,4.1,0,0,0,0,1
529,1,26,4.2,0,0,0,0,1
530,1,16,4.5,0,0,0,0,1
531,1,55,0.0,1,1,1,1,1
532,1,30,4.5,0,0,0,0,1
533,1,24,3.9,1,1,1,1,0
534,1,23,0.0,0,0,0,0,1
535,1,55,4.4,1,0,1,0,1
536,1,38,4.3,0,0,0,0,1
537,1,28,4.5,0,0,0,0,1
538,1,27,4.1,1,1,1,1,0
539,1,35,4.0,1,1,1,1,0
540,1,35,4.9,1,1,1,1,0
541,1,45,4.5,1,1,1,1,0
542,1,59,3.9,1,1,1,1,1
543,1,25,4.2,1,1,1,1,0
544,1,29,4.5,1,1,1,1,1
545,1,95,4.5,0,0,0,0,1
546,1,36,4.2,0,0,0,0,1
547,1,38,4.1,0,0,0,0,1
548,1,25,4.3,0,0,0,0,1
549,1,12,4.6,0,0,0,0,1
550,1,15,4.0,0,1,0,0,0
551,1,78,4.3,1,1,1,1,0
552,1,20,4.2,1,0,1,1,1
553,1,27,4.4,1,1,1,1,1
554,1,32,4.4,1,1,1,1,0
555,1,24,4.6,0,1,1,0,0
556,1,36,5.0,0,1,0,0,1
557,1,35,4.4,0,0,0,0,1
558,1,42,4.5,1,1,1,1,0
559,1,26,4.5,0,0,0,0,1
560,1,16,4.4,0,0,0,0,1
561,1,19,4.4,0,0,0,0,1
562,1,38,4.3,1,1,1,1,0
563,1,28,4.7,1,1,1,1,0
564,1,33,4.7,0,0,0,0,1
565,1,29,4.9,1,1,1,1,0
566,1,32,4.2,1,1,1,1,0
567,1,39,4.4,0,0,0,0,1
568,1,22,3.5,1,0,0,1,1
569,1,7,4.7,0,0,0,0,1
570,1,55,5.0,1,1,1,1,0
571,1,28,3.7,1,1,1,1,0
572,1,7,5.0,0,0,0,0,1
573,1,19,5.0,1,1,1,1,0
574,1,16,3.9,0,0,0,0,1
575,1,15,4.4,0,0,0,0,1
576,1,25,4.4,0,0,0,0,1
577,1,32,4.5,0,0,0,0,1
578,1,36,3.9,0,0,0,0,1
579,2,80,4.1,1,1,1,1,1
580,2,158,4.3,1,1,1,1,1
581,2,98,4.3,1,1,1,1,0
582,2,48,4.3,1,1,1,1,0
583,2,178,2.0,0,0,0,0,1
584,2,88,4.5,1,1,1,1,1
585,2,105,4.5,1,1,1,1,0
586,2,50,3.5,1,1,1,1,0
587,2,370,3.9,0,0,0,0,1
588,2,100,4.2,1,1,1,1,0
589,2,59,4.2,1,0,1,1,1
590,2,52,4.2,1,1,1,1,1
591,2,88,4.5,1,1,1,1,1
592,2,128,4.0,1,1,1,1,1
593,2,28,4.2,1,1,1,1,0
594,2,49,4.4,1,0,1,1,0
595,2,54,4.2,0,0,0,0,1
596,2,85,3.9,1,1,1,1,0
597,2,23,4.0,1,1,1,1,0
598,2,79,4.2,1,1,1,1,0
599,2,62,3.8,1,1,1,1,1
600,2,89,4.1,1,1,1,1,0
601,2,345,3.9,1,1,1,1,0
602,2,48,4.5,1,0,1,1,1
603,2,115,4.0,1,1,1,1,0
604,2,19,4.3,1,1,1,1,0
605,2,95,4.3,1,1,1,1,0
606,2,30,4.3,1,1,1,1,0
607,2,88,4.1,1,1,1,0,0
608,2,69,3.8,1,1,1,1,1
609,2,36,4.5,1,1,1,1,1
610,2,49,4.5,1,1,1,0,0
611,2,42,4.4,1,1,1,1,0
612,2,98,4.3,0,0,0,0,1
613,2,205,4.2,1,1,1,1,0
614,2,46,4.2,1,1,1,1,0
615,2,26,4.3,1,1,1,1,1
616,2,82,4.6,1,1,1,1,1
617,2,95,4.3,1,1,1,1,0
618,2,160,5.0,1,1,1,1,0
619,2,150,4.4,1,1,1,1,0
620,2,40,4.4,1,0,1,1,1
621,2,58,4.4,1,1,1,1,1
622,2,34,4.5,1,1,1,1,0
623,2,38,4.2,1,1,1,1,0
624,2,59,4.0,1,1,1,1,1
625,2,58,4.4,0,0,0,0,1
626,2,65,4.4,0,0,0,0,1
627,2,78,4.3,1,1,1,1,0
628,2,48,4.6,1,1,1,1,0
629,2,195,4.4,1,1,1,1,0
630,2,59,4.7,0,0,0,0,1
631,2,60,4.0,1,1,1,1,0
632,2,100,4.6,1,1,1,0,1
633,2,38,3.6,0,0,0,0,1
634,2,132,3.4,1,1,1,1,1
635,2,48,4.3,0,0,0,0,1
636,2,245,4.6,1,1,1,1,0
637,2,75,3.9,1,1,1,1,0
638,2,39,4.9,1,1,1,1,0
639,2,18,4.0,1,1,1,1,0
640,2,65,3.9,1,1,1,1,1
641,2,27,4.7,1,1,1,1,0
642,2,49,4.8,1,1,1,1,1
643,2,116,4.2,1,1,1,1,0
644,2,62,4.3,1,1,1,1,1
645,2,88,4.3,1,1,1,1,0
646,2,52,4.1,1,1,1,1,0
647,2,45,4.6,0,0,0,0,1
648,2,69,4.5,1,1,1,1,0
649,2,88,4.3,0,0,0,0,0
650,2,28,3.9,1,1,1,1,0
651,2,48,4.2,1,1,1,1,0
652,2,72,4.7,0,0,0,0,1
653,2,56,4.0,1,1,0,0,0
654,2,55,4.3,1,1,1,1,0
655,2,150,4.1,1,1,1,1,0
656,2,150,3.6,0,0,0,0,1
657,2,25,4.0,0,0,0,0,1
658,2,27,4.2,1,1,1,1,1
659,2,46,4.1,1,1,1,1,0
660,2,95,3.8,0,0,0,0,1
661,2,75,3.9,1,1,1,1,0
662,2,98,4.8,1,1,1,0,1
663,2,128,5.0,1,1,1,1,0
664,2,22,4.1,1,0,0,1,1
665,2,290,5.0,1,1,1,1,0
666,2,110,3.7,1,1,1,1,0
667,2,64,4.5,1,1,1,1,1
668,2,80,3.1,1,1,1,1,0
669,2,275,5.0,1,1,1,0,1
670,2,149,4.1,1,1,1,1,0
671,2,95,4.9,1,0,1,0,1
672,2,48,4.4,0,0,0,0,1
673,2,88,4.2,1,1,1,1,0
674,2,82,4.3,1,1,1,1,0
675,2,70,4.1,1,1,1,1,0
676,2,58,4.3,1,1,1,1,0
677,2,68,5.0,1,1,1,1,1
678,2,42,4.4,1,0,1,1,1
679,2,78,4.6,1,1,1,1,0
680,2,19,4.2,1,1,1,1,0
681,2,65,4.2,1,1,1,1,0
682,2,62,4.7,1,1,1,1,0
683,2,89,4.5,1,1,1,1,0
684,2,58,4.5,1,1,1,1,0
685,2,62,4.7,1,1,1,1,0
686,2,81,3.7,1,1,1,1,1
687,2,89,3.4,1,1,1,1,1
688,2,62,4.5,1,1,1,1,1
689,2,78,3.9,1,1,1,1,0
690,2,42,3.9,1,1,1,1,0
691,2,38,4.2,0,0,0,0,1
692,2,62,3.9,1,1,1,1,0
693,2,98,3.9,1,1,1,1,1
694,2,86,4.0,0,0,0,0,1
695,2,19,4.0,1,1,1,1,0
696,2,60,4.3,1,1,1,1,0
697,2,39,4.5,0,0,0,0,1
698,2,149,3.9,1,1,1,1,0
699,2,100,4.1,1,1,1,1,0
700,2,50,4.6,1,1,1,1,0
701,2,169,4.0,1,1,1,1,0
702,2,75,4.8,1,1,1,1,0
703,2,35,4.3,1,1,1,1,0
704,2,38,3.6,1,0,0,1,1
705,2,49,4.4,0,0,0,0,1
706,2,48,3.8,1,1,1,1,0
707,2,60,3.9,1,1,1,1,1
708,2,275,5.0,1,1,1,0,1
709,2,56,4.1,1,1,1,1,0
710,2,118,3.9,1,1,1,1,0
711,2,75,4.2,0,0,0,0,1
712,2,36,4.1,1,1,1,1,0
713,2,58,4.1,1,1,1,1,0
714,2,68,4.0,0,0,0,0,1
715,2,100,4.4,1,1,1,0,0
716,2,88,4.0,1,1,1,1,1
717,2,54,4.3,1,1,1,1,0
718,2,59,4.6,1,1,1,1,0
719,2,41,4.4,0,0,0,0,1
720,2,44,4.7,1,1,1,1,1
721,2,30,3.6,1,1,1,1,0
722,2,29,3.3,1,0,0,1,1
723,2,55,4.5,1,1,1,1,0
724,2,95,5.0,0,1,1,0,1
725,2,39,3.8,1,0,1,1,0
726,2,95,4.4,0,1,1,0,1
727,2,38,3.6,1,1,1,1,0
728,2,44,4.3,1,0,1,1,0
729,2,40,4.6,1,1,1,1,0
730,2,47,4.6,1,0,1,1,1
731,2,98,4.0,0,0,0,0,1
732,2,90,4.3,1,1,1,1,0
733,2,42,4.4,1,1,1,1,0
734,2,160,4.2,1,1,1,1,0
735,2,88,4.4,1,1,1,1,1
736,2,45,4.0,1,1,1,1,0
737,2,68,4.4,0,0,0,0,1
738,2,92,4.3,0,0,0,0,1
739,2,55,4.0,1,1,1,1,0
740,2,42,4.4,1,1,1,1,0
741,2,90,4.1,0,0,0,0,1
742,2,150,3.7,0,0,0,0,1
743,2,58,4.5,1,1,1,1,0
744,2,65,3.7,0,0,0,0,1
745,2,56,4.1,1,1,1,1,0
746,2,50,4.1,0,0,0,0,1
747,2,28,4.0,0,0,0,0,1
748,2,179,4.6,1,1,1,1,0
749,2,73,4.6,1,0,1,1,1
750,2,42,4.0,0,0,0,0,1
751,2,52,4.0,0,0,0,0,1
752,2,54,0.0,0,0,0,0,1
753,2,98,3.9,0,0,0,0,1
754,2,40,4.1,0,0,0,0,1
755,2,59,5.0,1,1,1,1,0
756,2,60,4.3,1,1,1,1,0
757,2,18,4.4,1,0,0,1,1
758,2,59,3.7,1,1,1,1,0
759,2,50,4.1,1,0,0,1,1
760,2,39,4.2,1,1,1,1,0
761,2,98,4.1,1,1,1,1,0
762,2,48,4.3,1,1,1,1,0
763,2,60,4.5,1,1,1,1,0
764,2,42,3.9,1,0,0,1,1
765,2,58,4.4,1,1,1,1,1
766,2,125,4.9,1,1,1,0,1
767,2,58,4.6,1,0,1,0,1
768,2,61,4.4,0,0,0,0,1
769,2,90,4.7,1,1,1,1,1
770,2,30,4.2,1,1,1,1,0
771,2,90,4.7,1,1,1,1,0
772,2,145,4.6,1,1,1,1,0
773,2,84,4.2,0,0,0,0,1
774,2,69,3.8,1,1,1,1,1
775,2,84,4.3,0,0,0,0,1
776,2,140,4.5,1,1,1,1,0
777,2,95,3.7,1,1,1,1,1
778,2,46,4.5,0,0,0,0,1
779,2,69,4.2,0,0,0,0,1
780,2,75,3.9,1,1,1,1,1
781,2,95,4.1,0,0,0,0,1
782,2,58,4.3,0,0,0,0,1
783,2,45,3.6,0,0,0,0,1
784,2,85,4.0,0,0,0,0,1
785,2,75,5.0,1,1,1,1,1
786,2,95,3.7,1,1,1,1,0
787,2,98,4.1,1,1,1,1,0
788,2,99,4.4,0,0,0,0,1
789,2,30,4.3,0,0,0,0,1
790,2,300,4.3,1,1,1,1,0
791,2,90,4.2,0,0,0,0,1
792,2,82,4.4,1,1,1,1,0
793,2,48,3.7,0,0,0,0,1
794,2,38,4.6,0,0,0,0,1
795,2,55,4.3,1,1,1,1,0
796,2,76,4.0,1,1,1,1,0
797,2,100,4.7,1,1,1,1,1
798,2,35,4.5,1,1,1,1,0
799,2,42,4.5,1,1,1,1,0
800,2,95,5.0,1,1,1,1,0
801,2,78,4.5,0,0,0,0,1
802,2,99,4.4,1,1,1,1,0
803,2,78,4.8,1,1,1,1,1
804,2,42,4.3,0,0,0,0,1
805,2,24,4.0,0,0,0,0,1
806,2,36,3.6,1,1,1,1,0
807,2,55,4.5,0,0,0,0,1
808,2,85,4.6,0,0,0,0,1
809,2,69,4.4,1,1,1,1,1
810,2,38,3.8,0,0,0,0,1
811,2,240,4.8,1,1,1,1,0
812,2,54,4.2,0,0,0,0,1
813,2,69,4.5,0,0,0,0,1
814,2,98,4.2,0,0,0,0,1
815,2,150,4.2,0,0,0,0,1
816,2,74,4.1,0,0,0,0,1
817,2,18,3.8,0,0,0,0,1
818,2,265,3.6,1,1,1,1,0
819,2,56,3.8,0,0,0,0,1
820,2,32,4.5,0,0,0,0,1
821,2,23,3.9,0,0,0,0,1
822,2,152,4.3,0,0,0,0,1
823,2,125,5.0,0,0,0,0,1
824,2,18,3.6,0,0,0,0,1
825,2,99,4.1,0,0,0,0,1
826,2,96,4.3,1,1,1,1,0
827,3,75,4.8,1,1,1,1,0
828,3,135,4.4,1,1,1,1,0
829,3,36,4.9,1,1,1,1,0
830,3,25,5.0,1,1,1,1,0
831,3,48,4.1,1,1,1,1,0
832,3,56,4.3,1,1,1,1,0
833,3,20,4.6,0,0,0,0,1
834,3,62,4.2,0,0,0,0,1
835,3,33,4.7,0,0,0,0,1
836,3,92,4.3,0,0,0,0,1
837,3,44,4.5,1,1,1,1,1
838,3,6,4.3,1,1,1,1,0
839,3,28,4.1,1,1,1,1,1
840,3,250,4.9,0,0,0,0,1
841,3,49,4.7,1,1,1,1,1
842,3,7,4.2,1,1,1,1,0
843,3,28,4.3,1,1,1,1,0
844,3,28,4.6,0,0,0,0,1
845,3,75,4.1,1,1,1,1,0
846,3,68,4.1,1,1,1,1,0
847,3,34,3.9,1,1,1,1,0
848,3,18,5.0,1,1,1,1,1
849,3,80,4.0,0,0,0,0,1
850,3,48,4.6,1,1,1,1,0
851,3,58,4.7,1,1,1,1,1
852,3,105,3.8,1,1,1,1,0
853,3,22,3.7,1,1,1,1,0
854,3,12,4.1,1,1,1,1,0
855,3,62,4.5,0,0,0,0,1
856,3,35,4.0,1,1,1,0,1
857,3,28,4.7,1,0,1,1,1
858,3,28,4.8,1,1,1,1,1
859,3,38,4.6,1,1,1,1,0
860,3,56,4.4,1,1,1,1,1
861,3,45,4.0,1,1,1,1,0
862,3,28,4.4,0,0,0,0,1
863,3,39,4.5,1,1,1,1,0
864,3,169,0.0,1,1,1,1,0
865,3,34,4.7,1,1,1,1,1
866,3,5,4.1,0,0,0,0,1
867,3,62,3.9,1,1,1,1,0
868,3,70,4.4,0,0,0,0,1
869,3,5,3.7,0,0,0,0,1
870,3,170,4.5,1,1,1,1,0
871,3,250,4.4,0,0,0,0,1
872,3,6,4.4,0,0,0,0,1
873,3,85,3.9,1,1,1,1,0
874,3,35,4.7,0,0,0,0,1
875,3,36,4.6,1,1,1,1,0
876,3,39,4.4,1,1,1,1,0
877,3,150,4.2,1,1,1,1,0
878,3,7,4.6,1,1,1,1,0
879,3,12,4.3,1,1,1,0,0
880,3,88,4.3,1,1,1,1,1
881,3,6,4.6,1,1,1,1,0
882,3,6,4.6,0,0,0,0,1
883,3,15,4.5,1,1,1,1,0
884,3,35,4.5,1,1,1,1,0
885,3,24,4.3,1,1,1,0,0
886,3,6,4.5,1,1,1,1,0
887,3,8,4.3,1,1,1,1,0
888,3,72,4.4,0,0,0,0,1
889,3,6,4.3,0,0,0,0,1
890,3,20,4.5,0,0,0,0,1
891,3,65,4.4,0,0,0,0,1
892,3,24,4.4,1,1,1,1,0
893,3,38,4.5,0,0,0,0,0
894,3,8,3.6,1,1,1,1,1
895,3,18,4.0,1,1,1,1,0
896,3,95,4.5,1,1,1,1,0
897,3,59,3.9,1,1,1,1,1
898,3,12,4.1,1,1,1,1,0
899,3,6,4.5,0,0,0,0,1
900,3,39,4.3,1,1,1,1,0
901,3,6,2.6,1,1,1,1,1
902,3,54,4.4,1,1,1,1,0
903,3,52,4.6,1,1,1,1,0
904,3,6,4.6,1,1,1,1,0
905,3,6,4.7,1,1,1,1,0
906,3,59,4.3,1,1,1,1,1
907,3,34,3.5,1,0,1,1,0
908,3,46,4.4,1,1,1,1,0
909,3,58,4.4,1,1,1,1,0
910,3,6,4.7,1,1,1,1,0
911,3,68,3.9,1,1,1,1,0
912,3,12,4.0,1,1,1,0,0
913,3,12,4.3,1,1,1,1,0
914,3,38,4.3,1,1,1,1,0
915,3,48,4.3,1,1,1,1,0
916,3,60,4.3,1,1,1,0,0
917,3,6,4.7,1,1,1,1,0
918,3,6,4.5,1,1,1,1,0
919,3,6,3.5,1,1,1,1,0
920,3,17,4.6,0,0,0,0,1
921,3,38,4.4,1,1,1,1,0
922,3,82,4.0,1,1,1,1,0
923,3,6,4.1,1,0,1,1,1
924,3,95,4.7,0,0,0,0,1
925,3,48,4.2,1,1,1,0,0
926,3,68,4.4,1,1,1,1,1
927,3,44,4.4,1,1,1,1,0
928,3,48,4.4,1,1,1,1,0
929,3,60,4.4,1,1,1,1,1
930,3,69,4.4,0,0,0,0,1
931,3,4,4.3,0,0,0,0,1
932,3,25,4.7,1,1,1,1,0
933,3,42,4.1,1,1,1,1,0
934,3,6,4.8,1,1,1,1,1
935,3,4,4.0,0,0,0,0,1
936,3,40,4.2,0,0,0,0,1
937,3,12,4.2,1,1,1,1,0
938,3,72,4.6,0,0,0,0,1
939,3,6,4.1,1,1,1,1,0
940,3,150,4.1,1,1,1,1,0
941,3,9,4.7,1,1,1,1,0
942,3,6,4.6,1,1,1,0,0
943,3,69,4.3,1,0,1,0,1
944,3,38,4.5,1,1,1,1,0
945,3,90,3.8,1,1,1,1,0
946,3,52,4.1,1,1,1,1,0
947,3,34,4.4,1,0,1,1,1
948,3,46,3.3,1,1,1,1,1
949,3,39,4.3,1,1,1,0,0
950,3,9,4.4,1,1,1,1,0
951,3,63,4.5,0,0,0,0,1
952,3,6,4.3,1,1,1,1,0
953,3,6,5.0,1,1,1,1,0
954,3,9,5.0,1,1,1,1,0
955,3,55,4.3,1,1,1,1,0
956,3,62,4.3,1,1,1,1,0
957,3,75,5.0,0,0,0,0,1
958,3,60,4.7,1,1,1,1,0
959,3,40,4.5,1,1,1,1,0
960,3,70,4.5,1,1,1,1,1
961,3,6,4.6,1,1,1,1,0
962,3,7,3.8,1,1,1,1,0
963,3,120,4.3,1,1,1,1,1
964,3,59,3.8,0,0,0,0,1
965,3,44,4.8,1,1,1,1,0
966,3,4,5.0,1,1,1,1,0
967,3,6,4.7,0,0,0,0,1
968,3,7,3.9,1,1,1,1,0
969,3,3,2.8,0,0,0,0,1
970,3,12,4.6,1,1,1,1,0
971,3,42,4.3,0,0,0,0,1
972,3,69,4.5,0,0,0,0,1
973,3,36,4.4,1,1,1,1,0
974,3,4,5.0,1,1,1,1,0
975,3,80,3.4,1,1,1,1,0
976,3,3,3.0,0,0,0,0,1
977,3,60,4.9,1,1,1,1,0
978,3,69,4.3,1,1,1,0,0
979,3,12,4.3,1,1,1,1,0
980,3,6,4.2,0,0,0,0,1
981,3,12,4.0,1,1,1,1,0
982,3,9,3.9,1,1,1,1,0
983,3,6,4.3,1,1,1,1,0
984,3,45,4.6,1,0,1,1,1
985,3,42,4.1,1,0,0,1,1
986,3,76,4.9,1,1,1,1,0
987,3,3,3.2,0,0,0,0,1
988,3,9,5.0,1,1,1,1,1
989,3,20,3.7,0,0,0,0,1
990,3,125,5.0,1,0,1,1,1
991,3,55,4.5,0,0,0,0,1
992,3,20,4.8,0,0,0,0,1
993,3,32,4.2,1,1,1,1,0
994,3,48,4.1,1,1,1,0,1
995,3,30,4.0,1,1,1,1,0
996,3,48,3.9,0,0,0,0,1
997,3,6,4.8,1,1,1,1,0
998,3,39,4.1,1,1,1,1,0
999,3,170,5.0,1,1,1,1,1
1000,3,12,4.3,1,1,1,1,0
1001,3,51,4.6,0,0,0,0,1
1002,3,28,4.4,0,0,0,0,1
1003,3,19,5.0,1,1,1,1,0
1004,3,75,4.0,1,1,1,1,0
1005,3,58,4.0,1,1,1,1,0
1006,3,32,4.4,1,1,1,1,0
1007,3,32,3.8,0,0,0,0,1
1008,3,75,3.8,1,1,1,1,0
1009,3,38,4.1,1,0,1,1,1
1010,3,20,4.3,1,1,1,1,0
1011,3,25,4.5,0,0,0,0,1
1012,3,6,4.5,0,0,0,0,1
1013,3,47,4.6,0,0,0,0,1
1014,3,48,4.6,1,1,1,1,0
1015,3,125,4.5,1,1,1,1,1
1016,3,19,0.0,1,1,1,1,0
1017,3,28,5.0,1,1,1,1,0
1018,3,8,4.2,1,1,1,1,0
1019,3,8,3.6,1,1,1,1,0
1020,3,65,3.8,1,1,1,1,0
1021,3,40,4.1,1,1,1,1,0
1022,3,35,3.3,1,1,1,1,0
1023,3,19,2.8,1,1,1,1,0
1024,3,69,4.6,1,1,1,0,1
1025,3,9,4.0,1,1,1,1,0
1026,3,9,3.9,1,1,1,1,0
1027,3,45,4.2,1,1,1,0,0
1028,3,35,4.1,1,1,1,1,0
1029,3,19,1.0,1,1,1,1,0
1030,3,12,3.8,1,1,1,1,0
1031,3,69,4.2,1,0,1,1,1
1032,3,9,3.3,1,1,1,1,0
1033,3,8,4.1,1,1,1,1,0
1034,3,18,4.1,1,1,1,1,0
1035,3,37,4.8,1,1,1,1,0
1036,3,43,4.3,0,0,0,0,1
1037,3,36,3.8,1,1,1,1,1
1038,3,7,3.4,1,1,1,1,0
1039,3,38,4.3,1,0,0,1,1
1040,3,5,4.3,1,1,1,1,0
1041,3,48,3.8,1,1,1,1,0
1042,3,56,4.0,1,1,1,1,1
1043,3,62,0.0,0,0,0,0,1
1044,3,38,3.4,1,1,1,0,0
1045,3,170,4.9,0,0,0,0,1
1046,3,75,4.5,1,1,1,1,0
1047,3,52,4.2,1,1,1,1,0
1048,3,8,4.3,1,1,1,1,0
1049,3,6,4.2,1,1,1,0,0
1050,3,6,3.7,1,0,0,1,1
1051,3,6,4.5,1,1,1,1,0
1052,3,34,3.9,0,0,0,0,1
1053,3,58,4.2,1,1,1,1,0
1054,3,48,4.1,0,0,0,0,1
1055,3,75,4.3,0,0,0,0,1
1056,3,19,4.6,0,0,0,0,1
1057,3,27,3.8,1,1,1,1,1
1058,3,48,4.2,1,1,1,1,0
1059,3,38,4.0,0,0,0,0,1
1060,3,140,4.0,1,1,1,0,0
1061,3,36,4.3,0,1,1,0,0
1062,3,28,3.0,1,0,1,1,1
1063,3,3,2.9,1,1,1,1,0
1064,3,20,3.6,1,1,1,1,1
1065,3,39,5.0,1,1,1,1,0
1066,3,6,4.1,1,1,1,1,0
1067,3,7,4.3,1,1,1,1,0
1068,3,250,4.3,1,1,1,1,0
1069,3,24,4.4,0,0,0,0,1
1070,3,48,3.6,1,1,1,1,0
1071,3,7,3.8,1,1,1,1,0
1072,3,51,4.4,0,0,0,0,1
1073,3,34,3.8,1,1,1,0,1
1074,3,7,4.6,1,1,1,1,0
1075,3,120,3.9,1,1,1,1,0
1076,3,24,4.0,1,1,1,1,1
1077,3,58,4.6,0,0,0,0,1
1078,3,51,4.4,0,0,0,0,1
1079,3,6,4.2,1,1,1,1,0
1080,3,160,2.7,1,1,1,1,0
1081,3,7,3.6,1,1,1,1,0
1082,3,20,3.5,0,0,0,0,1
1083,3,9,3.8,1,1,1,1,0
1084,3,42,4.5,1,1,1,1,0
1085,3,90,0.0,1,1,1,1,1
1086,3,88,4.2,1,1,1,1,0
1087,3,28,3.7,1,1,1,1,0
1088,3,50,4.4,1,1,1,0,0
1089,3,30,3.9,1,0,1,1,1
1090,3,7,3.8,1,1,1,1,0
1091,3,60,2.7,1,1,1,1,0
1092,3,46,4.5,0,0,0,0,1
1093,4,215,3.6,0,0,0,0,1
1094,4,64,0.0,1,1,1,1,0
1095,4,60,4.3,1,1,1,1,0
1096,4,29,4.3,1,1,1,1,0
1097,4,38,4.2,1,1,1,1,0
1098,4,62,4.4,1,1,1,1,1
1099,4,68,4.0,1,1,1,1,0
1100,4,48,4.6,1,1,1,1,0
1101,4,215,4.1,0,0,0,0,1
1102,4,32,4.0,1,1,1,1,0
1103,4,48,4.0,1,1,1,1,0
1104,4,65,4.4,1,1,1,1,1
1105,4,60,3.9,1,1,1,1,0
1106,4,32,4.2,1,1,1,1,0
1107,4,46,4.5,1,1,1,1,0
1108,4,48,3.7,1,1,1,1,0
1109,4,135,4.3,1,1,1,1,0
1110,4,69,3.8,1,1,1,1,0
1111,4,54,3.8,1,1,1,1,0
1112,4,69,3.6,1,1,1,1,0
1113,4,52,4.4,1,1,1,1,0
1114,4,68,4.0,1,1,1,1,0
1115,4,37,3.9,1,1,1,1,0
1116,4,25,4.3,1,1,1,1,0
1117,4,34,4.0,1,1,1,1,0
1118,4,85,4.2,1,1,1,1,0
1119,4,41,4.2,0,0,0,0,1
1120,4,255,3.5,0,0,0,0,1
1121,4,5,4.2,0,0,0,0,1
1122,4,32,4.1,1,1,1,1,0
1123,4,67,4.1,1,1,1,1,0
1124,4,69,3.2,1,1,1,1,1
1125,4,67,3.8,1,1,1,1,0
1126,4,36,4.2,1,1,1,1,0
1127,4,36,4.1,1,1,1,1,0
1128,4,25,4.6,1,1,1,1,1
1129,4,150,3.9,1,1,1,1,0
1130,4,62,4.0,1,1,1,1,0
1131,4,85,4.0,0,0,0,0,1
1132,4,48,4.1,1,1,1,1,0
1133,4,39,3.7,1,1,1,1,0
1134,4,65,4.2,0,0,0,0,1
1135,4,98,4.0,1,1,1,1,0
1136,4,65,4.4,1,1,1,1,0
1137,4,26,3.7,1,1,1,1,0
1138,4,75,3.9,1,1,1,1,0
1139,4,38,4.1,1,1,1,1,0
1140,4,66,3.5,1,1,1,1,0
1141,4,85,4.3,1,1,1,1,0
1142,4,80,4.1,0,0,0,0,1
1143,4,25,4.6,1,1,1,1,0
1144,4,38,4.0,1,1,1,1,0
1145,4,77,4.2,1,1,1,1,0
1146,4,42,3.8,1,1,1,1,0
1147,4,125,4.3,0,0,0,0,1
1148,4,41,4.1,0,0,0,0,1
1149,4,35,4.0,1,1,1,1,0
1150,4,54,4.1,0,0,0,0,1
1151,4,65,3.3,1,1,1,1,0
1152,4,72,3.9,1,1,1,1,0
1153,4,85,4.2,1,1,1,1,0
1154,4,36,4.0,1,1,1,1,0
1155,4,42,3.9,1,1,1,1,0
1156,4,43,3.9,1,1,1,1,0
1157,4,38,4.1,1,1,1,0,0
1158,4,65,4.2,1,1,1,1,0
1159,4,60,3.6,0,0,0,0,1
1160,4,72,4.4,1,1,1,1,0
1161,4,61,4.5,1,1,1,1,0
1162,4,5,3.0,0,0,0,0,1
1163,4,45,3.9,0,0,0,0,1
1164,4,48,3.8,1,1,1,0,1
1165,4,99,3.3,1,1,1,1,0
1166,4,95,4.4,1,1,1,1,0
1167,4,165,5.0,1,1,1,1,0
1168,4,72,4.5,1,0,1,0,1
1169,4,64,4.0,0,0,0,0,1
1170,4,58,4.3,1,1,1,0,1
1171,4,32,3.8,0,0,0,0,1
1172,4,95,3.9,1,1,1,1,0
1173,4,68,3.8,1,1,1,1,0
1174,4,25,4.3,0,0,0,0,1
1175,4,32,3.9,1,1,1,1,0
1176,4,85,3.7,1,1,1,1,1
1177,4,45,3.5,0,0,0,0,1
1178,4,22,4.2,1,1,1,1,0
1179,4,122,4.3,0,1,0,0,1
1180,4,48,4.1,0,0,0,0,1
1181,4,260,5.0,1,1,1,1,1
1182,4,110,3.7,0,0,0,0,1
1183,4,49,3.8,0,0,0,0,1
1184,4,110,4.0,1,1,1,1,0
1185,4,48,5.0,1,1,1,1,1
1186,4,45,4.2,0,0,0,0,1
1187,4,69,3.4,1,1,1,1,0
1188,4,38,3.7,1,1,1,1,0
1189,4,159,3.9,1,1,1,1,0
1190,4,35,4.5,1,1,1,1,0
1191,4,200,3.0,1,1,1,1,0
1192,4,122,4.6,0,1,0,0,1
1193,4,64,3.5,0,0,0,0,1
1194,4,34,4.4,0,0,0,0,1
1195,4,48,3.9,1,1,1,1,0
1196,4,74,3.7,0,0,0,0,1
1197,4,40,3.8,0,0,0,0,1
1198,4,39,2.8,1,1,1,1,0
1199,4,38,4.0,1,1,1,1,0
1200,4,105,3.5,0,0,0,0,1
1201,4,68,4.0,0,0,0,0,1
1202,4,38,3.6,0,0,0,0,1
1203,4,65,3.9,1,1,1,1,0
1204,4,139,3.5,0,0,0,0,1
1205,4,79,3.7,0,0,0,0,1
1206,4,65,3.5,1,1,1,1,0
1207,4,55,3.5,1,1,1,1,1
1208,4,100,3.8,0,0,0,0,1
1209,4,69,4.0,0,0,0,0,1
1210,4,44,4.1,0,0,0,0,1
1211,4,70,4.0,0,0,0,0,1
1212,4,72,4.3,1,1,1,1,0
1213,4,48,3.8,0,0,0,0,1
1214,4,50,3.7,0,0,0,0,1
1215,4,38,3.9,1,1,1,1,0
1216,4,42,3.3,0,0,0,0,1
1217,4,60,3.9,1,1,1,1,0
1218,4,38,4.2,0,0,0,0,1
1219,4,170,5.0,1,1,1,1,1
1220,4,38,4.2,0,0,0,0,1
1221,4,42,3.6,0,0,0,0,1
1222,4,38,4.3,0,0,0,0,1
1223,4,25,3.8,0,0,0,0,1
1224,4,100,3.3,0,0,0,0,1
1225,4,56,4.0,1,1,1,1,0
1226,4,26,3.6,0,0,0,0,1
1227,4,35,0.0,0,0,0,0,1
1228,4,22,4.0,1,1,1,1,0
1229,4,35,3.8,1,1,1,1,0
1230,4,68,4.2,1,1,1,1,0
1231,4,48,3.8,1,1,1,1,0
1232,4,26,3.4,1,1,1,1,0
1233,4,60,3.0,1,1,1,1,1
1234,4,41,3.8,0,0,0,0,1
1235,4,29,3.4,0,0,0,0,1
1236,4,52,3.9,1,1,1,1,1
1237,4,55,3.7,1,1,1,1,0
1238,4,65,3.3,0,0,0,0,1
1239,4,68,3.9,1,1,1,1,0
1240,4,125,3.9,0,0,0,0,1
1241,4,50,4.1,0,0,0,0,1
1242,4,45,3.7,1,1,1,1,0
1243,4,24,3.3,1,1,1,1,0
1244,4,75,3.5,1,1,1,1,0
1245,4,32,4.2,1,1,1,1,0
1246,4,55,3.8,0,1,1,0,0
1247,4,39,3.5,1,1,1,1,0
1248,4,76,4.0,0,0,0,0,1
1249,4,12,3.7,0,0,0,0,1
1250,4,41,4.0,1,1,1,1,0
1251,4,65,3.4,1,1,1,1,0
1252,4,42,0.0,1,1,1,1,0
1253,4,110,4.1,0,0,0,0,1
1254,4,40,5.0,1,1,1,1,0
1255,4,51,3.7,0,0,0,0,1
1256,4,75,3.6,0,0,0,0,1
1257,4,45,3.4,1,1,1,1,0
1258,4,32,3.8,1,1,1,1,0
1259,4,24,3.7,1,1,1,1,0
1260,4,44,3.1,1,1,1,1,1
1261,4,75,4.0,1,1,1,1,1
1262,4,42,3.7,1,1,1,1,0
1263,4,105,3.0,1,1,1,1,0
1264,4,195,3.0,0,1,1,0,0
1265,4,75,4.3,1,1,1,1,0
1266,4,38,3.6,1,1,1,1,0
1267,4,50,4.0,0,0,0,0,1
1268,4,55,3.6,1,1,1,1,0
1269,4,35,3.5,1,1,1,0,0
1270,4,38,3.5,1,1,1,1,1
1271,4,230,5.0,0,0,0,0,1
1272,4,65,3.9,1,1,1,1,0
1273,4,24,4.0,0,0,0,0,1
1274,4,82,4.2,1,1,1,1,1
1275,4,46,3.2,0,0,0,0,1
1276,4,72,3.0,1,1,1,1,0
1277,4,58,3.3,0,0,0,0,1
1278,4,44,3.3,1,1,1,1,0
1279,4,68,3.8,0,0,0,0,1
1280,4,15,1.8,1,1,1,1,0
1281,4,42,4.1,0,0,0,0,1
1282,4,30,3.8,1,1,1,1,0
1283,4,65,3.9,0,0,0,0,1
1284,4,73,3.4,0,0,0,0,1
1285,4,125,3.0,1,1,1,0,1
1286,4,50,4.0,1,1,1,1,0
1287,4,71,3.5,0,0,0,0,1
1288,4,46,3.0,0,0,0,0,1
1289,4,75,3.5,1,1,1,1,0
1290,4,26,3.3,1,1,1,1,0
1291,4,26,3.7,1,1,1,1,0
1292,4,46,3.9,0,0,0,0,1
1293,4,40,3.7,1,1,1,1,1
1294,4,90,5.0,1,1,1,1,0
1295,4,60,4.1,0,0,0,0,1
1296,4,69,3.1,1,1,1,1,0
1297,4,35,3.5,0,0,0,0,1
1298,4,5,0.0,0,0,0,0,1
1299,4,30,4.0,0,0,0,0,1
1300,4,145,3.8,0,0,0,0,1
1301,4,30,3.7,0,0,0,0,1
1302,5,45,4.4,0,0,0,0,1
1303,5,45,4.3,0,0,0,0,1
1304,5,34,4.5,1,0,1,1,1
1305,5,45,4.4,0,0,0,0,1
1306,5,32,4.5,1,1,1,1,1
1307,5,45,4.4,0,0,0,0,1
1308,5,65,4.5,1,1,1,1,0
1309,5,40,3.7,1,1,1,1,0
1310,5,19,4.3,1,1,1,1,1
1311,5,61,4.4,1,1,1,1,0
1312,5,40,4.4,0,0,0,0,1
1313,5,30,4.6,1,1,1,1,0
1314,5,65,4.7,1,1,1,0,0
1315,5,34,3.3,1,1,1,1,0
1316,5,36,3.6,1,1,1,1,0
1317,5,45,4.1,0,0,0,0,1
1318,5,34,4.3,0,0,0,0,1
1319,5,43,3.9,0,0,0,0,1
1320,5,38,3.7,1,1,1,1,0
1321,5,38,4.1,0,0,0,0,1
1322,5,36,4.1,0,0,0,0,1
1323,5,36,4.0,0,0,0,0,1
1324,5,36,4.6,1,1,1,1,0
1325,5,46,4.6,1,1,1,1,0
1326,5,36,4.1,0,0,0,0,1
1327,5,70,4.2,1,1,1,0,0
1328,5,42,4.1,0,0,0,0,1
1329,5,38,4.6,1,1,1,1,0
1330,5,42,4.1,1,1,1,1,1
1331,5,39,4.1,1,1,1,1,0
1332,5,39,3.8,0,0,0,0,1
1333,5,36,4.1,1,0,1,1,0
1334,5,69,4.3,1,1,1,1,1
1335,5,54,4.2,0,0,0,0,1
1336,5,195,3.8,1,1,1,1,0
1337,5,75,3.8,0,0,0,0,1
1338,5,54,3.5,0,0,0,0,1
1339,5,49,4.2,0,0,0,0,1
1340,5,260,5.0,1,1,1,1,0
1341,5,60,4.6,1,0,1,1,0
1342,5,38,4.1,1,1,1,1,1
1343,5,52,3.8,1,1,1,0,0
1344,5,60,4.0,0,0,0,0,1
1345,5,28,3.3,1,1,1,1,1
1346,5,49,4.2,0,0,0,0,1
1347,5,23,4.2,1,1,1,1,0
1348,5,55,4.3,0,0,0,0,1
1349,5,39,3.9,0,0,0,0,1
1350,5,35,4.2,1,1,1,1,0
1351,5,54,3.8,0,0,0,0,1
1352,5,42,4.1,1,1,1,1,0
1353,5,28,4.2,1,1,1,1,0
1354,5,31,3.7,1,1,1,1,0
1355,5,90,4.1,0,0,0,0,1
1356,5,26,4.2,0,0,0,0,1
1357,5,30,3.6,1,1,1,1,0
1358,5,74,3.5,1,1,1,1,0
1359,5,36,4.4,1,0,1,1,0
1360,5,84,3.5,1,1,1,1,0
1361,5,95,4.7,0,0,0,0,1
1362,5,28,3.7,1,1,1,1,0
1363,5,42,4.2,1,0,1,1,0
1364,5,36,4.2,0,0,0,0,1
1365,5,22,5.0,1,1,1,1,0
1366,5,28,4.3,1,1,1,1,0
1367,5,30,3.4,1,1,1,1,0
1368,5,42,3.7,1,1,1,1,0
1369,5,59,4.3,0,0,0,0,1
1370,5,48,4.0,0,0,0,0,1
1371,5,25,4.2,1,1,0,0,0
1372,5,34,4.1,1,1,1,1,0
1373,5,65,4.0,1,1,1,1,0
1374,5,70,3.5,1,1,1,1,1
1375,5,26,4.2,0,0,0,0,1
1376,5,44,4.5,1,1,1,1,0
1377,5,39,3.7,1,1,1,1,0
1378,5,55,4.8,1,1,1,1,0
1379,5,34,4.1,1,1,1,0,1
1380,5,55,4.4,0,0,0,0,1
1381,5,36,4.0,1,1,1,1,0
1382,5,21,4.6,0,0,0,0,1
1383,5,19,4.2,1,1,1,1,0
1384,5,32,3.7,1,1,1,1,0
1385,5,53,4.1,0,0,0,0,1
1386,5,32,3.9,1,1,1,0,0
1387,5,32,4.1,1,1,1,0,0
1388,5,25,4.1,0,0,0,0,1
1389,5,40,3.7,0,0,0,0,1
1390,5,34,4.7,0,0,0,0,1
1391,5,72,4.3,0,0,0,0,1
1392,5,36,3.4,1,0,1,1,1
1393,5,34,4.3,1,1,1,1,1
1394,5,42,4.1,0,0,0,0,1
1395,5,38,3.4,0,0,0,0,1
1396,5,35,4.1,0,0,0,0,1
1397,5,64,3.8,0,0,0,0,1
1398,5,28,3.8,1,1,1,1,0
1399,5,34,4.5,0,0,0,0,1
1400,5,30,4.3,1,1,1,0,0
1401,5,42,4.1,0,0,0,0,1
1402,5,42,3.7,1,1,1,1,1
1403,5,53,4.4,0,0,0,0,1
1404,5,34,4.8,0,0,0,0,1
1405,5,44,4.2,0,0,0,0,1
1406,5,42,3.8,0,0,0,0,1
1407,5,32,4.4,1,1,1,0,0
1408,5,50,4.4,0,0,0,0,1
1409,5,20,5.0,1,1,1,1,0
1410,5,38,0.0,1,1,1,1,0
1411,5,85,3.9,0,0,0,0,1
1412,5,28,4.4,1,1,1,1,0
1413,5,32,4.6,1,1,1,1,0
1414,5,54,4.6,0,0,0,0,1
1415,5,42,3.9,1,1,1,1,0
1416,5,38,3.7,0,0,0,1,0
1417,5,99,4.2,0,1,0,0,1
1418,5,76,4.6,0,0,0,0,1
1419,5,25,4.1,1,1,1,1,0
1420,5,38,3.2,1,1,1,1,1
1421,5,26,4.1,0,0,0,0,1
1422,5,36,4.4,1,1,1,1,0
1423,5,45,4.2,0,0,0,0,1
1424,5,100,4.0,0,0,0,0,1
1425,5,40,4.2,0,0,0,0,1
1426,5,55,4.3,0,0,0,0,1
1427,5,42,3.7,0,0,0,0,1
1428,5,34,4.0,1,1,1,1,0
1429,5,75,4.1,1,0,1,1,0
1430,5,26,4.6,1,1,1,1,0
1431,5,40,4.0,0,0,0,0,1
1432,5,36,4.1,1,1,1,1,0
1433,5,39,4.1,0,0,0,0,1
1434,5,32,4.8,1,1,1,1,0
1435,5,34,3.6,1,0,1,0,0
1436,5,90,4.4,1,1,1,1,0
1437,5,35,3.6,1,1,1,1,1
1438,5,36,3.8,0,0,0,0,1
1439,5,18,4.5,1,1,1,0,0
1440,5,50,3.7,0,0,0,0,1
1441,5,36,4.8,1,1,1,1,0
1442,5,39,4.2,1,1,1,1,0
1443,5,40,4.1,0,0,0,0,1
1444,5,34,3.8,1,1,1,1,0
1445,5,32,4.9,1,1,1,0,1
1446,5,26,3.3,1,1,1,1,0
1447,5,75,3.7,1,1,1,1,0
1448,5,32,3.3,1,1,1,1,0
1449,5,45,4.7,0,0,0,0,1
1450,5,36,4.5,1,1,1,1,0
1451,5,32,3.9,1,1,1,1,1
1452,5,34,4.3,0,0,0,0,1
1453,5,32,4.4,1,1,1,1,1
1454,5,260,3.0,1,1,1,1,0
1455,5,26,3.1,1,1,1,1,0
1456,5,56,4.2,1,1,1,1,0
1457,5,20,3.9,1,1,1,1,0
1458,5,32,5.0,1,1,1,1,0
1459,5,28,4.7,1,1,1,1,1
1460,5,19,4.8,1,1,1,1,1
1461,5,30,3.7,0,0,0,0,1
1462,5,36,4.8,0,0,0,0,1
1463,5,45,4.2,0,0,0,0,1
1464,5,38,4.1,1,1,1,1,0
1465,5,34,4.1,0,0,0,0,1
1466,5,48,3.9,0,0,0,0,1
1467,5,35,3.9,1,1,1,1,0
1468,5,48,3.6,0,0,0,0,1
1469,5,54,3.5,0,0,0,0,1
1470,5,20,1.0,0,0,0,0,1
1471,5,45,0.0,1,1,1,1,0
