,V9902,V9903,V9904,V9905,V9906,V9907,V9908,V9909,V9910,V9911,V9912,V9913,V9914,V9915,V9916,V9917,V9918,V9919,V9920,V9921,V9922,V9923,V9924,V9925,V9926,V9927,V9928,V9929,V9930,V9931,V9932,V9933,V9934,V9935,V9936,V9937,V9938,V9939,V9940,V9941,V9942,V9943,V9944,V9945,V9946,V9947,V9948,V9949,V9950,V9951,V9952,V9953,V9954,V9955,V9956,V9957,V9958,V9959,V9960,V9961,V9962,V9963,V9964,V9965,V9966,V9967,V9968,V9969,V9970,V9971,V9972,V9973,V9974,V9975,V9976,V9977,V9978,V9979,V9980,V9981,V9982,V9983,V9984,V9985,V9986,V9987,V9988,V9989,V9990,V9991,V9992,V9993,V9994,V9995,V9996,V9997,V9998,V9999,V10000,target
0,40,0,0,0,50,0,12,0,57,0,14,0,0,0,294,444,0,0,0,0,0,25,166,0,0,27,0,0,91,0,0,0,0,34,0,198,18,8,0,0,0,19,0,327,0,0,2,0,100,59,38,0,369,0,0,0,0,0,0,0,291,0,0,19,0,162,54,23,0,0,0,378,0,0,0,0,0,52,0,294,168,0,0,0,222,0,0,0,0,255,570,86,0,36,0,80,0,0,524,0
1,0,43,0,4,0,0,0,75,21,52,80,0,0,89,219,460,11,177,0,0,81,158,208,0,40,0,26,0,0,0,18,0,0,33,0,32,271,47,66,0,41,43,0,0,0,0,53,13,156,110,502,36,286,0,3,0,0,0,0,0,267,0,69,0,32,19,96,4,35,0,0,411,0,0,0,0,0,105,19,320,213,0,0,66,243,0,63,63,30,213,605,69,7,473,0,57,0,284,423,1
2,0,0,0,1,7,0,0,0,0,0,0,0,0,0,273,472,10,0,0,0,0,8,155,0,0,0,50,0,0,0,0,0,13,0,0,0,0,109,0,0,0,25,0,34,0,0,0,0,33,277,36,0,325,0,0,0,0,0,0,0,313,0,0,1,5,0,23,0,0,0,0,409,0,0,0,0,0,68,0,342,157,0,0,13,245,0,14,1,0,235,593,28,0,24,0,90,0,34,508,0
3,0,6,0,0,4,0,73,27,137,9,70,0,0,0,322,419,0,0,0,0,28,66,140,0,30,0,19,0,83,0,17,0,2,0,0,67,25,0,81,0,46,0,0,16,0,0,36,8,274,0,139,0,319,0,0,0,0,0,0,0,230,0,0,0,24,54,12,0,0,0,0,357,0,0,0,0,0,58,0,346,146,0,0,0,237,0,26,26,18,91,600,0,26,86,0,102,0,0,469,0
4,0,0,0,14,30,0,0,0,80,0,5,0,0,0,124,271,0,38,66,68,0,58,138,0,0,11,24,0,39,0,0,0,0,67,0,2,0,0,0,36,0,0,0,11,0,0,0,0,421,0,164,11,820,0,0,20,0,0,0,0,117,0,96,67,0,0,83,0,0,14,0,256,0,79,93,0,0,29,0,71,126,0,0,240,134,140,1,0,0,813,0,0,0,0,190,301,0,0,354,1
5,24,54,60,0,29,27,0,0,343,50,146,0,0,0,203,0,49,79,107,0,45,27,51,0,0,0,59,15,0,0,0,12,5,0,56,43,0,0,168,0,74,0,0,18,23,56,0,272,239,122,223,0,415,0,0,77,34,0,27,0,36,0,357,0,72,27,3,0,4,165,0,0,90,126,0,0,52,25,11,0,48,15,34,97,0,14,47,0,142,272,454,0,36,2,369,194,18,59,340,1
6,0,0,0,0,0,0,0,0,35,0,0,0,0,0,176,337,17,0,7,0,0,50,53,0,0,0,0,0,20,0,0,0,38,0,0,25,0,69,0,0,0,0,0,34,0,0,0,0,260,20,74,0,867,0,0,0,0,0,0,0,117,0,50,112,0,0,51,0,0,0,0,320,0,13,82,0,0,108,0,194,80,0,0,251,265,38,26,0,0,840,2,82,0,0,247,401,0,17,412,0
7,0,0,0,0,0,0,0,0,62,0,0,1,0,0,172,258,34,19,36,19,0,110,86,4,0,4,0,0,86,0,22,0,14,0,0,34,0,80,0,0,0,0,0,2,0,0,0,8,264,0,86,32,859,0,0,0,0,0,0,0,155,0,156,227,0,0,18,0,0,39,0,282,0,46,0,0,0,106,0,193,119,0,0,290,420,28,26,0,0,855,11,141,0,0,258,422,0,167,409,1
8,0,0,0,0,50,0,0,0,29,0,0,0,0,13,316,472,5,0,0,0,0,42,150,0,0,0,42,0,0,0,0,0,36,98,0,0,0,75,7,0,1,23,0,33,58,0,0,0,80,0,50,0,380,0,0,0,0,0,0,0,238,0,0,7,0,4,13,0,0,0,0,424,0,0,0,0,0,63,0,298,152,0,0,0,198,0,33,0,0,128,583,51,0,23,0,97,0,47,520,1
9,4,97,23,78,0,0,0,0,489,96,242,31,0,0,348,165,21,32,419,0,98,36,125,0,0,0,0,49,39,0,0,0,5,0,105,20,44,0,69,14,104,71,25,0,0,8,0,71,467,0,187,0,256,32,238,127,0,16,46,0,158,0,287,77,181,27,117,1,8,57,0,166,32,464,0,0,83,40,0,51,119,49,0,86,39,302,46,0,97,176,309,75,61,63,169,227,0,10,179,1
10,0,14,0,0,14,0,0,0,0,25,0,0,0,0,217,405,0,105,0,44,56,42,314,0,0,1,0,0,48,0,13,0,3,0,0,26,254,0,0,0,0,0,0,160,0,0,4,15,114,43,276,18,308,0,0,0,0,0,0,0,299,0,33,197,0,57,0,0,8,0,4,374,0,0,12,0,0,48,0,269,315,0,0,100,196,0,82,0,0,254,610,33,0,383,0,72,0,69,431,1
11,0,34,43,0,0,60,0,0,401,27,216,0,0,0,246,0,13,25,204,59,15,24,162,0,0,14,9,24,2,0,1,14,0,0,0,8,0,0,81,0,58,0,0,177,0,42,0,157,291,39,230,0,432,7,236,36,10,0,21,23,17,0,269,0,104,29,13,45,0,77,0,0,91,232,0,0,17,38,118,0,154,23,0,79,0,93,65,0,55,207,409,0,33,0,323,238,0,0,331,0
12,0,23,0,0,17,0,0,87,45,36,119,0,0,174,291,447,0,39,0,32,65,216,227,0,65,0,42,0,0,0,12,0,0,8,0,63,4,48,56,24,105,0,0,16,0,0,54,3,157,1,161,32,334,2,0,0,0,0,0,8,266,0,0,1,31,10,9,0,0,0,56,402,3,0,0,14,0,65,1,280,235,0,0,61,262,0,128,105,14,166,607,70,31,104,0,146,0,304,422,1
13,52,0,0,0,0,0,0,2,128,0,0,9,0,29,111,284,41,52,34,0,0,39,0,0,0,27,5,0,78,0,0,0,15,0,63,5,0,47,0,0,0,8,0,0,0,0,0,0,479,0,97,137,879,0,0,25,0,0,50,0,132,0,165,6,0,3,21,0,0,2,23,259,38,45,150,0,34,40,27,91,6,0,0,246,156,178,91,0,0,863,2,29,0,0,237,285,0,0,301,0
14,0,22,48,0,0,0,0,1,104,31,6,28,0,0,334,0,14,42,105,66,25,36,107,0,0,0,32,0,38,6,0,71,0,0,124,3,77,0,16,0,152,0,0,0,50,108,0,608,196,0,37,0,579,0,1,38,70,0,109,0,369,0,39,30,41,0,6,0,50,597,0,0,34,112,0,0,0,93,39,0,105,0,307,169,2,93,9,0,18,590,566,88,0,71,409,207,0,39,254,1
15,0,25,0,0,0,0,0,0,118,0,0,12,0,0,117,318,12,41,48,0,0,38,0,0,0,0,36,0,87,0,0,0,2,175,24,67,0,0,0,0,0,101,0,141,71,14,0,0,369,258,114,33,794,0,0,16,0,0,0,0,115,0,179,0,0,46,4,0,0,0,0,290,7,59,12,0,14,71,42,149,0,0,0,268,446,96,48,0,0,771,0,63,0,0,271,402,0,0,342,0
16,0,29,83,0,0,10,0,0,543,16,272,0,0,31,315,174,11,53,318,57,16,48,294,0,0,0,97,56,74,0,0,9,0,4,0,11,32,0,102,0,98,2,0,0,0,48,0,126,483,28,124,0,324,22,242,105,0,0,40,54,150,0,380,117,166,26,46,196,27,48,41,140,97,353,0,0,58,116,86,48,291,56,0,104,49,282,41,0,79,80,314,0,67,57,137,290,0,392,238,1
17,36,96,164,0,0,6,0,0,444,99,233,0,0,0,180,0,15,177,253,26,117,144,0,0,0,0,11,44,31,0,0,4,16,45,41,0,141,192,201,0,122,0,0,12,0,47,0,177,554,0,78,30,362,0,136,236,40,22,89,6,229,0,314,0,202,0,21,0,27,101,0,0,208,280,60,0,214,26,45,0,0,45,17,78,0,461,36,0,95,255,446,75,60,183,299,146,0,0,270,1
18,4,0,0,0,0,0,0,2,57,0,0,22,0,0,148,253,8,3,28,0,0,73,209,0,0,0,154,0,103,0,0,0,0,0,0,159,0,26,0,48,0,20,0,116,15,0,0,0,453,0,150,0,867,0,0,21,0,0,0,0,128,0,109,62,0,48,9,0,0,0,32,296,5,38,8,0,6,91,0,125,175,0,0,292,234,114,19,0,0,854,0,46,0,0,173,372,0,344,353,1
19,0,76,210,0,0,0,0,0,311,85,124,5,0,0,130,0,37,118,205,424,95,0,0,0,0,20,21,0,0,0,0,0,33,71,0,136,111,39,214,0,88,13,0,0,2,42,0,190,433,0,86,7,383,0,55,140,11,0,33,0,336,0,214,0,134,0,26,0,23,93,24,0,71,232,0,0,133,0,58,0,0,0,12,143,0,285,106,0,38,236,490,0,13,139,313,55,0,35,227,1
20,0,92,109,0,0,22,0,0,366,99,209,0,0,10,187,0,24,45,253,12,106,52,0,0,31,10,0,29,34,0,0,0,0,43,0,146,0,15,102,0,77,0,0,298,95,36,0,155,363,0,102,0,355,3,0,148,28,0,7,0,259,0,315,0,112,2,12,29,37,72,0,0,122,277,0,0,134,0,53,0,0,31,6,167,0,229,34,0,74,240,522,96,47,38,362,88,0,0,219,1
21,0,35,0,0,0,0,0,10,86,18,0,0,0,20,135,209,0,0,50,21,7,13,95,0,0,0,23,0,47,0,0,0,15,0,31,102,0,29,11,0,0,20,0,0,0,0,0,2,507,48,132,21,780,0,0,0,0,0,0,0,132,0,216,191,19,0,0,0,0,29,0,235,0,62,244,0,31,70,0,154,129,0,0,269,318,151,39,0,0,770,0,49,0,0,198,349,0,230,328,1
22,0,4,0,0,0,0,28,49,0,14,55,0,0,0,222,428,14,72,0,0,39,0,216,0,16,0,35,0,85,0,0,0,0,46,0,184,249,196,29,0,0,11,0,0,16,0,57,0,89,13,277,0,332,0,3,0,21,13,0,0,292,0,0,0,33,0,0,0,33,0,0,375,0,2,0,0,0,63,0,229,218,0,0,33,257,0,13,20,0,187,573,66,0,285,0,96,0,0,445,1
23,60,29,0,11,0,0,0,42,19,35,5,0,0,70,277,471,0,102,0,0,55,31,192,0,20,4,42,0,110,0,0,0,116,0,0,3,119,46,0,2,0,0,0,0,83,0,30,0,99,0,350,8,281,0,2,0,0,0,0,0,277,0,18,46,25,81,12,0,3,0,18,411,0,0,107,0,0,60,0,331,197,0,0,125,278,0,96,0,0,231,648,28,0,233,0,92,0,89,446,0
24,0,57,102,0,0,0,0,0,437,63,212,0,0,5,118,0,2,130,285,28,78,32,0,0,0,0,58,41,69,0,5,0,0,0,0,35,81,59,120,0,98,0,0,278,5,11,0,107,410,17,110,61,370,21,0,129,2,0,0,0,228,0,323,0,109,15,1,0,5,36,0,0,125,312,0,0,133,0,40,0,0,42,0,163,0,247,21,0,85,254,468,0,57,122,275,50,0,0,258,1
25,22,56,91,22,3,0,0,0,436,51,262,0,0,21,200,0,0,45,301,0,43,21,0,0,0,0,17,67,94,0,2,50,1,18,37,1,0,24,115,0,89,0,0,50,5,84,0,170,213,77,144,0,360,34,0,54,16,0,7,0,117,0,399,0,26,0,37,0,10,80,0,0,59,328,9,0,40,0,96,0,0,67,11,91,0,35,29,0,97,254,453,0,83,0,300,119,0,54,327,1
26,0,21,0,32,0,0,0,0,136,0,0,0,0,0,124,286,13,40,58,60,0,25,0,8,0,0,29,0,80,0,4,0,0,0,0,7,0,69,28,0,0,0,0,70,58,4,0,0,395,0,126,62,842,0,75,28,0,0,13,0,143,0,184,0,0,2,12,0,0,0,34,277,12,72,0,0,0,69,57,134,0,0,0,296,431,104,59,0,0,830,12,113,0,0,308,402,0,255,332,0
27,47,0,0,0,0,0,0,0,55,0,0,0,0,52,312,445,0,167,0,12,15,28,191,0,17,0,13,0,0,0,0,0,0,0,0,37,313,0,0,15,21,45,0,75,0,0,13,15,435,70,369,35,320,0,0,14,0,0,0,0,296,0,45,0,5,0,0,0,24,0,20,390,0,0,0,0,0,69,0,370,196,0,0,0,245,56,51,0,0,269,596,130,0,550,0,87,0,55,486,1
28,59,49,0,0,0,0,0,2,209,7,7,9,0,0,123,298,47,52,93,0,0,55,12,6,0,0,39,0,68,0,0,0,0,0,47,307,0,65,0,26,0,0,0,20,39,44,0,0,367,0,94,0,856,0,0,27,0,0,52,8,118,0,211,9,0,111,21,0,0,0,0,304,0,106,0,0,40,54,61,148,4,0,0,295,307,141,26,0,0,837,0,0,0,0,223,364,0,50,361,0
29,1,57,224,2,0,14,0,0,458,41,144,0,0,53,372,0,0,168,240,0,38,23,17,0,0,0,12,0,77,0,0,11,0,0,0,0,119,86,203,0,89,0,0,0,109,36,0,203,393,73,164,20,337,0,73,119,9,0,0,0,189,0,478,0,166,14,0,0,36,59,14,0,147,264,0,0,160,0,3,0,8,0,0,253,0,221,8,0,95,204,420,60,24,176,348,316,5,259,325,1
30,0,171,96,0,10,82,0,0,417,179,234,24,0,0,126,0,20,60,273,0,186,46,0,0,0,0,43,65,54,0,22,46,61,19,59,0,92,0,132,0,118,37,0,0,0,75,0,139,509,39,173,18,379,34,12,221,0,12,50,0,219,0,328,0,168,13,13,0,0,48,0,0,122,303,0,13,177,0,47,0,0,66,0,133,0,300,2,0,108,333,484,0,77,96,410,41,0,341,0,0
31,79,24,0,36,0,0,0,70,77,33,0,0,0,20,325,487,0,175,0,0,48,65,187,0,34,24,84,0,0,0,36,0,0,0,0,12,59,26,0,0,35,39,0,0,0,0,0,9,395,186,227,13,294,0,0,33,0,0,0,0,266,0,39,37,32,19,0,0,0,0,0,442,27,0,0,0,0,63,0,350,194,0,0,111,288,62,28,0,15,163,652,82,1,253,0,138,0,0,454,0
32,0,0,115,0,0,0,0,33,326,0,235,0,0,0,322,495,17,35,0,0,0,74,200,0,246,0,0,5,93,0,0,0,0,68,22,1,109,0,34,0,123,20,0,149,0,0,159,0,478,31,0,88,272,0,10,95,0,0,0,2,287,45,13,75,0,38,36,61,0,0,0,454,0,0,0,4,0,57,16,331,207,7,0,43,262,114,103,0,0,252,574,63,55,176,0,95,1,0,464,0
33,0,70,66,0,90,34,0,0,465,51,229,0,0,0,237,0,11,66,311,0,37,65,0,0,0,0,28,32,50,0,2,0,75,28,53,119,0,0,158,0,84,92,0,43,84,22,0,307,306,0,277,0,414,0,47,64,0,0,1,0,127,0,331,0,113,0,73,0,15,128,0,0,79,343,0,0,76,0,0,0,0,32,0,69,0,106,28,0,155,344,494,0,42,0,333,151,10,267,174,1
34,0,0,0,0,0,0,6,0,0,0,0,0,0,0,265,399,28,6,0,28,0,19,156,0,0,0,68,0,64,0,10,0,3,0,0,0,2,115,0,22,0,62,0,22,0,0,0,0,116,36,0,0,435,0,0,0,0,0,0,0,265,0,0,18,0,126,28,0,0,0,0,329,0,0,24,0,0,24,0,230,157,0,0,0,182,0,54,0,0,148,605,139,0,20,0,103,0,267,528,1
35,32,52,0,0,0,47,0,1,443,45,184,2,0,0,258,0,49,38,188,0,44,14,96,0,0,36,0,32,63,0,5,29,0,0,0,0,12,0,61,4,79,25,0,112,0,66,0,165,268,0,251,10,366,0,0,52,13,0,6,0,69,0,352,0,114,15,13,0,7,132,0,0,116,211,0,0,66,11,112,0,94,32,14,69,0,27,8,0,52,134,366,0,35,30,330,210,0,0,366,0
36,99,1,0,0,0,0,0,0,56,3,0,0,0,0,399,0,16,63,20,136,0,17,184,0,0,42,37,0,48,0,0,20,49,0,31,107,23,31,0,156,34,0,0,22,0,32,0,359,137,27,45,0,429,0,0,2,23,0,21,0,320,0,16,0,9,21,0,0,3,335,0,0,5,34,0,0,5,84,0,0,176,0,83,108,0,49,44,0,0,446,508,46,0,43,383,269,0,17,367,1
37,0,65,93,0,0,0,0,0,469,65,213,0,0,0,389,253,12,46,347,0,56,18,353,0,0,17,36,35,132,0,0,0,0,54,22,0,55,22,90,0,84,0,0,11,26,21,0,144,508,0,121,12,378,16,51,114,43,0,54,0,129,0,280,145,160,60,2,0,18,91,0,242,61,385,0,0,44,136,133,151,341,35,0,147,19,336,15,0,45,216,412,0,54,75,321,333,0,118,365,1
38,0,0,0,52,27,0,0,0,87,0,54,0,0,26,269,462,42,103,0,0,0,193,215,0,0,0,28,0,63,0,36,0,0,16,0,0,280,89,0,0,26,1,0,0,0,0,48,0,476,63,132,0,473,0,12,46,0,0,0,0,260,0,16,16,8,27,11,0,45,0,0,409,0,0,28,0,0,61,0,249,217,0,0,19,191,98,23,0,0,111,555,83,0,339,12,107,0,62,501,0
39,67,31,0,0,0,0,0,36,34,42,108,0,0,129,283,487,14,130,0,94,59,53,162,0,60,6,14,0,91,0,0,0,2,0,0,52,99,17,5,0,28,0,0,59,0,0,39,0,53,14,327,15,319,0,0,0,0,0,0,0,262,0,27,0,8,0,10,0,0,0,0,430,0,0,16,5,19,59,0,352,170,0,0,67,277,0,109,88,6,237,643,101,0,309,0,115,0,0,418,1
40,0,0,0,128,0,0,0,0,27,0,33,0,0,0,344,475,7,20,0,0,0,0,151,0,1,0,32,0,13,0,0,0,0,1,0,25,34,63,0,0,0,0,0,0,0,0,0,0,12,0,176,0,357,0,0,0,0,0,0,0,261,0,0,12,0,11,0,13,0,0,0,435,0,0,6,0,0,69,0,388,157,0,0,0,264,0,24,0,0,139,613,0,0,132,0,104,0,28,488,0
41,0,124,144,0,7,22,0,0,372,143,258,21,0,36,231,0,12,63,269,80,176,49,0,0,0,11,69,0,46,0,0,0,0,30,21,33,101,9,166,0,110,20,0,7,0,30,0,211,563,0,119,0,347,0,29,233,0,0,19,0,189,0,209,16,25,0,115,7,35,126,0,0,42,300,0,0,88,20,73,0,0,0,50,77,0,458,57,0,74,206,438,56,45,113,281,159,0,0,275,1
42,55,22,0,0,0,0,0,10,0,31,44,0,0,0,281,456,0,164,0,13,65,42,151,0,31,0,14,0,109,0,0,0,32,50,0,24,272,95,14,0,25,1,0,9,0,0,22,0,166,23,572,0,303,0,27,0,0,0,0,0,256,0,63,0,28,0,0,0,37,0,0,406,0,0,0,0,0,89,0,397,156,0,0,39,271,0,46,30,0,181,615,52,0,524,0,69,0,81,419,1
43,0,0,0,0,0,0,0,11,66,0,0,0,0,0,116,275,32,56,12,0,0,31,3,0,0,22,16,0,81,0,4,0,8,52,63,48,0,0,0,0,0,0,0,10,30,0,0,0,447,0,121,59,795,0,16,0,0,0,70,5,93,0,85,9,0,20,13,0,0,0,0,260,0,20,102,0,8,29,46,128,12,0,0,230,189,150,19,0,0,769,0,152,0,0,221,314,0,0,344,0
44,17,0,0,1,0,0,0,0,30,0,3,0,0,0,309,448,11,20,0,48,18,20,182,0,0,0,21,0,6,0,0,0,0,0,0,40,130,0,0,0,0,0,0,23,0,0,9,0,286,179,158,0,404,0,0,0,0,0,0,0,291,0,0,19,0,24,0,0,0,0,8,384,0,0,20,0,0,56,0,281,183,0,0,0,185,21,37,0,0,126,567,33,0,153,0,105,0,247,531,1
45,0,0,0,0,0,0,0,4,92,0,0,0,0,0,163,232,0,0,41,0,0,11,11,0,0,0,0,0,4,0,35,0,0,81,0,24,0,0,0,0,0,25,0,0,0,0,0,0,484,0,146,32,816,0,0,26,0,0,0,0,133,0,113,97,18,9,71,0,0,0,7,300,24,53,125,0,29,93,2,120,17,0,0,253,214,125,31,0,0,817,0,0,0,0,195,349,0,224,292,1
46,36,0,0,14,0,0,0,0,34,0,14,0,0,0,314,439,0,23,0,0,0,108,181,0,0,7,16,0,17,0,26,0,0,0,0,4,188,0,0,0,0,13,0,10,0,0,0,21,274,0,147,0,314,0,4,0,0,0,0,0,300,0,0,33,10,2,11,0,17,0,0,376,0,0,31,0,0,73,0,285,180,0,0,0,170,21,50,0,0,244,559,31,0,143,0,52,0,29,508,1
47,44,38,4,0,5,14,9,0,255,39,408,0,0,0,283,63,0,0,292,0,50,63,279,0,0,0,37,46,38,0,0,0,0,0,19,96,0,35,168,0,118,0,0,0,0,13,0,176,216,92,152,0,489,30,213,65,0,0,0,0,170,0,133,125,119,71,9,0,0,175,9,62,10,319,0,0,0,106,0,234,265,46,45,107,49,33,16,0,84,248,378,60,54,0,136,283,0,165,343,1
48,25,0,0,0,0,0,0,110,131,0,77,0,0,0,250,464,33,23,0,0,16,60,246,0,11,27,30,0,28,0,0,0,0,35,0,0,38,0,41,0,58,0,0,20,0,0,21,0,206,147,201,14,278,0,0,0,33,42,0,0,313,0,0,31,0,0,127,0,0,0,0,414,0,0,0,17,0,40,7,283,249,0,0,28,273,0,19,28,0,282,566,92,10,114,0,107,0,0,448,0
49,49,0,0,0,0,0,0,0,0,0,36,0,0,0,320,444,4,0,0,71,0,119,208,0,0,0,48,0,160,0,0,0,0,0,0,26,0,71,0,0,0,0,0,0,1,0,9,0,202,29,62,0,294,0,0,0,0,0,0,0,310,0,0,5,0,29,32,0,0,0,0,390,0,0,0,0,0,33,0,347,213,0,0,0,258,0,0,0,0,281,592,0,0,51,0,92,0,96,494,0
50,13,50,7,0,7,0,0,0,439,38,263,0,0,21,316,164,7,0,374,4,45,74,268,0,5,0,40,43,11,0,0,25,0,0,0,16,0,0,115,47,92,17,0,11,21,77,0,95,303,45,185,17,429,18,20,51,29,0,36,0,78,0,262,11,127,0,1,0,5,40,0,159,58,412,0,0,0,49,101,77,263,43,0,84,56,119,59,0,73,242,440,66,50,0,258,304,0,0,360,1
51,0,1,0,18,0,0,0,51,35,11,75,0,0,0,235,471,0,26,0,0,35,108,249,0,7,0,10,0,75,0,0,0,13,0,0,5,48,34,51,0,44,0,0,211,7,0,27,0,314,0,158,61,305,0,0,5,0,1,0,0,316,0,4,19,24,15,15,0,0,0,55,420,5,2,0,0,0,52,6,297,252,0,0,41,268,0,23,0,0,280,584,0,9,118,0,93,0,0,435,0
52,0,33,0,67,0,0,0,0,319,28,258,0,0,21,399,181,16,26,201,171,35,15,223,0,0,3,67,12,76,0,0,10,0,0,0,9,34,0,46,0,69,30,0,11,1,34,0,242,368,77,179,0,440,0,278,100,0,0,26,2,199,0,92,90,150,8,12,0,13,210,0,166,40,227,8,0,11,86,33,312,216,13,52,103,61,169,0,0,37,438,461,32,16,46,101,199,0,3,337,1
53,0,0,0,0,0,0,0,15,46,0,0,1,0,0,146,244,14,0,25,0,0,135,58,0,0,43,35,0,82,0,12,0,0,0,0,9,0,27,0,0,0,37,0,68,7,0,0,0,433,0,148,0,806,0,1,1,0,0,0,0,123,0,130,137,22,0,45,0,0,12,3,279,0,36,50,0,35,85,0,158,81,0,0,278,348,126,0,0,0,802,0,0,0,0,221,381,0,58,364,1
54,0,0,0,0,6,0,0,62,34,0,55,0,0,10,297,470,0,23,0,0,0,49,125,0,34,0,14,0,59,0,6,0,26,34,0,32,0,0,36,0,63,0,0,5,2,0,11,0,16,0,38,0,303,0,0,0,0,0,0,19,149,0,0,23,0,0,0,0,0,0,0,443,0,0,89,26,14,97,0,454,133,0,20,59,325,0,31,172,1,61,654,123,15,0,11,53,0,373,373,0
55,0,0,0,0,0,0,0,12,74,0,0,0,0,33,151,212,10,0,43,0,0,265,74,0,0,0,39,0,71,0,0,0,0,0,0,258,0,0,0,0,0,82,0,5,21,0,0,22,496,0,158,10,843,0,0,8,0,0,0,0,141,0,106,148,15,21,6,0,0,57,21,239,0,55,7,0,12,53,0,123,103,0,16,254,202,151,118,0,0,831,0,0,0,0,182,328,0,63,325,1
56,8,22,41,0,10,0,0,0,301,28,178,0,0,109,350,0,59,0,259,0,44,10,0,0,0,0,11,21,29,0,4,8,5,25,0,22,0,0,61,0,54,13,0,19,5,50,0,109,254,0,98,0,417,8,0,67,10,0,4,24,260,0,294,0,115,0,19,0,0,53,0,0,80,280,187,0,109,0,121,0,0,21,0,109,0,153,80,0,0,272,505,49,34,0,459,269,0,104,313,0
57,0,115,27,0,98,75,1,0,437,120,266,0,0,0,282,0,26,59,203,48,118,5,173,0,0,0,19,37,45,0,13,3,32,38,0,16,51,0,168,0,89,94,0,16,0,45,0,139,291,0,300,0,405,15,399,126,0,0,0,0,113,0,308,13,120,0,0,0,7,43,56,0,95,230,0,0,72,23,21,0,165,36,0,27,0,38,0,0,136,235,458,84,47,39,315,251,0,3,341,0
58,0,11,5,0,0,0,0,0,136,0,121,0,0,0,253,463,12,107,0,36,0,4,191,16,20,0,35,0,0,0,0,0,10,0,0,12,403,0,0,0,24,0,0,94,0,0,67,25,372,0,250,57,310,0,51,28,8,0,0,0,297,0,40,0,5,4,46,0,55,0,0,398,0,0,0,0,0,67,0,331,194,0,0,14,254,59,94,0,0,221,580,125,5,490,0,65,0,224,454,0
59,0,27,0,0,0,0,0,81,31,35,30,0,0,0,235,436,0,163,17,0,69,48,232,0,45,0,28,0,88,0,0,0,6,70,0,89,414,0,70,0,76,19,0,0,0,0,44,8,70,0,480,0,305,0,55,0,0,0,0,0,259,0,67,9,0,7,61,0,15,0,43,376,0,36,7,0,4,98,0,300,238,0,0,107,240,0,127,106,27,197,619,76,9,480,0,81,0,30,429,1
60,0,13,15,0,0,0,0,0,370,20,224,0,0,0,431,61,0,0,295,0,11,41,85,0,0,1,88,41,0,0,0,22,40,0,0,21,0,0,63,12,83,1,0,0,69,68,0,26,250,6,173,0,412,25,5,7,0,0,4,0,166,0,324,26,98,0,25,0,0,15,0,60,83,326,0,0,33,88,96,0,67,40,0,90,0,78,37,0,47,97,316,0,53,3,169,374,0,83,190,0
61,27,9,0,0,0,0,0,0,90,0,0,77,0,0,135,256,8,45,56,36,0,31,1,0,0,0,53,0,7,0,6,0,4,0,56,0,0,0,10,0,0,110,0,52,0,30,0,0,353,58,125,0,860,0,0,11,0,0,66,59,128,0,151,29,0,0,131,0,0,0,0,283,17,66,24,0,11,76,0,152,0,0,0,276,339,95,0,0,0,835,0,0,0,0,226,387,0,72,350,0
62,0,0,0,0,0,0,0,20,77,0,0,0,0,28,112,217,0,0,48,0,0,40,128,0,0,0,50,0,3,0,0,0,0,0,31,23,0,50,6,0,0,0,0,227,0,0,0,0,626,102,137,66,779,0,0,14,0,0,6,68,108,0,123,37,30,111,0,37,0,0,0,222,1,59,0,0,21,50,0,68,107,0,0,240,128,214,3,0,0,780,0,0,0,0,204,280,0,0,270,1
63,75,31,30,0,0,15,0,0,228,43,101,1,0,11,390,0,19,16,101,0,61,23,51,0,0,0,43,0,88,0,9,21,0,51,0,30,24,0,7,0,84,10,0,0,23,46,0,87,379,0,65,0,406,0,21,105,18,0,1,0,176,0,143,0,69,35,0,0,0,51,0,0,113,121,0,0,64,0,4,0,52,0,0,128,0,239,188,0,0,217,478,0,0,19,485,260,0,22,370,0
64,0,0,0,21,0,0,0,0,0,0,0,0,0,50,320,458,2,27,0,25,0,120,221,0,0,0,43,0,95,0,0,0,0,0,0,16,113,0,0,30,0,6,0,0,0,0,6,0,251,113,206,74,385,0,0,0,0,0,0,44,311,0,0,24,0,0,2,0,3,0,0,397,0,0,31,0,0,80,0,308,223,0,0,0,183,2,64,0,0,297,562,114,0,163,0,83,0,46,533,1
65,6,0,0,0,0,0,0,0,0,0,0,0,0,72,316,458,4,0,0,0,0,113,175,0,0,0,37,0,13,0,0,0,0,5,0,0,0,0,0,0,0,61,0,76,4,0,0,0,44,22,37,92,359,0,0,0,0,0,0,0,280,0,0,27,0,52,0,0,0,0,0,400,0,0,26,0,0,47,0,322,178,0,0,0,225,0,61,5,0,169,575,6,0,14,0,88,0,151,502,1
66,0,0,0,0,2,0,0,0,76,0,0,10,0,0,277,0,18,52,30,0,0,108,7,0,0,0,43,0,38,0,0,51,22,0,103,32,2,44,0,0,124,0,0,26,0,86,0,546,83,12,76,39,661,0,0,7,50,0,69,13,359,0,12,0,6,18,14,0,7,420,0,0,9,41,0,0,0,100,12,0,4,0,156,105,0,0,29,0,0,621,608,13,0,25,259,134,0,0,17,1
67,0,57,0,0,23,13,0,0,356,49,291,0,0,87,364,173,5,29,225,0,39,24,246,0,0,0,8,28,94,0,0,0,0,0,0,86,0,0,113,0,72,0,0,1,0,16,0,68,282,135,215,0,404,0,70,63,0,0,0,0,163,0,172,135,114,0,20,13,24,27,0,160,71,250,0,0,33,138,22,209,236,27,0,113,8,70,261,0,89,354,464,0,28,0,150,256,0,122,382,1
68,0,164,84,8,0,93,0,37,319,172,133,16,0,45,407,0,26,97,135,111,176,26,0,0,0,0,42,0,79,0,18,41,0,0,39,0,73,71,92,0,62,9,0,30,13,72,0,93,579,0,157,7,432,0,11,216,66,23,62,0,168,0,315,0,269,7,12,0,6,0,0,0,303,160,0,0,370,30,41,0,0,0,0,209,0,389,12,0,66,330,464,131,0,81,400,323,0,0,292,0
69,0,3,0,0,29,0,0,3,42,0,0,0,0,8,139,295,1,9,24,0,0,296,13,0,0,0,0,0,85,0,6,0,17,80,0,22,0,0,5,33,0,19,0,0,14,0,0,0,423,80,168,0,838,0,51,9,0,0,0,0,116,0,90,67,16,0,42,0,0,7,0,279,0,34,0,0,14,66,0,163,25,0,0,241,356,133,46,0,0,804,0,0,0,0,206,360,0,145,364,0
70,0,2,0,0,24,0,0,78,16,6,85,0,0,38,289,485,6,84,0,0,18,15,199,0,76,28,0,0,38,0,0,0,0,0,0,8,15,15,40,0,78,0,0,93,0,0,51,0,66,39,216,38,321,0,0,0,0,0,0,0,236,0,8,0,36,8,160,0,0,0,0,435,0,0,0,15,0,93,0,325,208,0,5,74,276,0,83,133,17,176,630,62,12,129,0,81,0,28,409,1
71,55,20,96,0,35,0,0,15,160,25,0,0,0,0,292,485,48,139,8,19,43,112,154,0,200,1,0,0,0,0,20,0,0,47,0,0,67,42,22,0,88,27,0,25,33,0,93,0,629,15,154,0,296,0,0,150,0,0,0,0,240,18,30,4,42,0,0,0,0,0,0,448,107,0,23,0,5,87,0,383,161,0,0,94,289,243,10,0,0,176,632,26,40,248,0,100,0,188,400,0
72,0,101,61,0,0,79,4,0,315,106,141,0,0,28,334,0,22,50,120,209,106,32,199,0,0,0,59,0,83,0,12,0,7,0,0,149,8,2,58,0,60,0,0,101,0,14,0,154,615,349,76,0,374,0,95,173,0,0,0,0,126,0,215,69,196,12,0,0,0,96,18,0,254,137,0,0,189,49,37,0,195,0,0,176,30,412,16,0,52,206,403,67,25,13,319,257,0,360,386,1
73,0,126,141,0,0,20,0,0,439,133,233,0,0,56,234,0,0,51,338,0,160,12,0,0,0,2,0,57,83,0,1,0,0,0,31,16,0,0,170,13,115,0,0,14,0,25,0,248,460,26,132,0,390,22,0,197,23,0,8,0,320,0,383,0,129,0,6,0,5,148,29,0,169,365,26,0,232,0,18,0,0,58,50,72,0,320,24,0,88,289,469,95,67,20,265,168,0,191,227,1
74,0,0,0,0,0,0,0,0,58,0,0,0,0,192,161,291,0,4,50,32,0,12,48,0,0,0,10,0,30,0,4,0,0,0,0,83,0,0,81,0,0,18,0,42,1,42,0,0,298,12,104,0,865,0,3,0,0,0,0,0,129,0,157,106,0,0,7,0,0,2,0,281,0,61,0,0,0,79,27,184,70,0,0,253,314,52,34,0,0,853,0,66,0,0,204,364,0,0,373,0
75,0,100,134,0,0,4,0,0,455,101,175,0,0,0,109,0,1,135,299,36,113,79,0,0,0,0,45,26,39,0,0,26,1,0,0,109,58,0,172,0,93,0,0,62,0,54,0,281,453,62,148,23,403,0,29,164,52,0,44,0,335,0,394,0,163,1,4,0,3,152,0,0,191,333,57,0,262,0,25,0,0,26,32,76,0,296,56,0,85,316,507,0,44,87,289,68,0,0,166,1
76,27,52,27,0,31,0,0,0,444,55,197,0,0,0,442,275,0,2,272,102,35,0,135,0,0,21,21,21,54,0,0,0,40,0,36,0,13,0,21,0,62,8,0,14,0,0,0,74,431,146,82,0,471,2,111,86,0,0,8,0,123,0,237,69,130,12,55,0,0,64,5,239,48,304,26,0,27,53,0,223,124,21,0,196,0,292,57,0,43,257,390,55,24,16,230,126,0,0,317,1
77,0,0,0,0,23,0,0,9,116,0,54,0,0,35,283,441,12,0,0,0,0,88,215,0,0,4,18,0,72,0,0,0,0,41,0,25,0,7,13,0,17,0,0,76,0,0,0,0,354,10,8,0,475,0,0,0,0,0,0,0,257,0,0,13,0,0,69,0,0,0,0,390,0,0,0,0,0,57,0,267,217,0,0,7,200,38,57,2,0,140,560,0,0,0,1,166,0,273,509,0
78,0,0,0,0,0,0,0,0,145,0,41,0,0,0,124,203,0,102,159,83,0,74,13,0,0,30,35,0,0,0,0,0,0,0,0,67,0,8,0,2,0,0,0,28,0,0,0,0,391,42,96,14,795,0,0,4,0,0,0,6,146,0,154,21,0,5,75,0,0,13,0,230,15,178,28,0,0,40,59,78,18,0,0,269,189,167,43,0,0,797,0,73,0,21,181,293,0,184,360,1
79,0,0,0,141,90,0,0,0,0,0,6,0,0,2,276,430,24,0,0,0,0,4,163,0,0,0,0,0,22,0,0,0,0,0,0,0,0,39,0,10,0,0,0,51,0,0,0,0,139,0,38,0,302,0,0,0,0,0,0,0,291,0,0,0,0,24,0,0,0,0,0,362,0,0,0,0,0,46,0,304,165,0,0,0,234,0,30,0,0,221,596,0,0,15,0,99,0,49,508,0
80,1,0,70,0,0,0,0,0,24,0,0,0,0,27,310,479,4,76,0,103,0,70,177,0,80,0,111,0,28,0,0,0,0,0,7,47,156,0,0,0,49,14,0,40,0,0,158,131,689,0,65,0,379,0,64,160,5,0,0,0,252,0,14,1,21,0,58,0,0,0,0,432,30,0,0,0,0,60,0,316,180,0,0,12,228,249,72,0,0,95,547,195,4,273,0,86,0,228,495,0
81,2,69,0,0,0,0,0,0,149,20,0,23,0,0,128,299,25,74,107,67,0,46,0,0,0,0,36,0,74,0,0,0,0,18,107,23,0,0,21,0,0,22,0,3,0,0,0,0,401,0,134,22,840,0,0,24,0,0,44,0,134,0,156,0,9,73,34,0,0,0,36,274,28,127,0,0,33,42,0,126,0,0,0,274,311,214,49,0,0,834,2,0,0,17,236,345,0,0,338,0
82,82,116,76,5,0,11,0,2,649,135,306,0,0,0,333,0,0,116,319,52,167,25,0,0,0,30,20,64,8,6,0,0,63,105,23,1,48,0,131,0,100,10,0,0,0,8,0,112,523,0,126,0,89,34,0,218,2,0,0,0,180,0,543,0,117,77,20,0,38,17,0,0,227,344,0,0,245,83,11,0,0,64,0,163,0,299,7,0,91,133,309,56,73,100,275,186,0,38,205,1
83,0,26,0,1,0,0,0,0,171,32,48,22,0,77,316,454,7,45,0,0,46,64,129,0,16,0,217,0,0,0,0,0,0,0,0,220,116,159,14,0,33,0,0,0,11,0,14,12,285,0,312,40,311,0,0,0,0,0,0,0,228,0,12,0,163,0,0,0,0,0,0,410,0,0,0,0,0,66,0,400,136,0,0,0,285,13,57,13,10,133,630,36,7,240,0,78,0,0,458,0
84,0,0,20,0,23,0,0,19,121,0,70,0,0,46,303,472,0,118,4,18,12,21,160,0,161,32,30,0,88,0,0,0,18,0,3,170,138,0,7,0,80,33,0,5,0,0,194,88,669,0,160,6,308,0,31,154,0,0,0,0,277,63,29,0,130,0,19,0,1,0,0,425,32,0,0,0,0,83,0,358,164,0,0,3,254,251,10,0,8,248,579,0,27,291,0,77,2,196,483,0
85,77,26,0,0,0,0,0,28,58,14,0,0,0,0,122,178,24,14,33,0,8,52,133,0,0,0,5,0,33,0,16,0,0,10,0,56,0,85,0,0,0,0,0,130,79,0,0,0,613,45,155,0,805,0,0,12,0,0,0,0,148,0,149,39,14,3,29,5,0,0,0,202,13,45,0,0,17,52,0,75,112,0,0,264,209,199,25,0,0,803,0,146,0,0,169,294,0,0,284,1
86,79,120,12,28,0,26,0,19,413,122,209,0,0,0,234,0,0,90,253,63,109,48,100,0,0,17,18,31,34,0,0,3,217,0,27,5,69,0,33,15,91,13,0,0,10,27,0,164,472,23,163,0,418,0,392,158,41,16,50,0,54,0,239,0,184,232,24,0,28,181,98,0,167,274,34,0,149,17,41,0,97,32,58,87,0,303,8,0,36,191,419,0,48,102,352,193,0,76,335,0
87,20,0,0,0,0,0,0,0,165,0,24,0,0,0,312,459,23,31,0,34,0,172,164,0,0,0,43,0,95,0,34,0,24,0,0,109,82,34,3,0,24,4,0,0,7,0,1,0,247,190,188,0,399,0,0,0,0,0,0,0,266,0,3,30,0,2,30,0,0,0,0,405,0,0,0,0,0,49,0,287,169,0,0,0,232,2,18,0,0,202,562,0,4,146,0,90,0,4,498,0
88,0,25,96,0,0,0,0,0,376,24,209,0,0,0,412,143,0,158,224,0,50,135,370,0,0,0,18,4,44,0,0,15,0,0,0,238,77,41,94,0,81,0,0,54,0,62,0,280,373,101,150,0,236,0,4,90,37,0,39,0,123,0,216,92,158,0,11,3,24,192,0,137,57,252,36,0,0,121,88,163,358,5,34,175,71,185,86,0,53,130,276,0,30,106,267,352,0,0,376,1
89,0,193,67,0,0,44,0,1,451,201,247,80,0,102,354,209,25,84,350,0,197,116,240,0,0,0,46,0,55,0,0,0,0,0,186,270,96,49,95,6,122,31,0,99,0,0,0,142,322,0,120,0,199,0,185,266,22,60,101,1,128,0,306,58,331,0,26,0,29,149,22,203,3,390,0,0,282,97,40,14,229,0,49,90,64,519,0,0,99,133,333,106,69,110,169,253,0,31,189,1
90,0,7,0,0,0,0,0,8,58,0,0,40,0,0,127,303,9,158,24,17,0,19,9,0,0,0,45,0,57,0,0,0,2,114,86,0,3,90,10,0,0,0,0,10,0,0,0,0,452,0,131,0,824,0,0,0,2,0,86,0,116,0,134,52,0,50,2,0,0,0,0,269,11,35,0,0,5,43,12,114,24,0,0,248,274,145,5,0,0,802,0,69,0,38,228,343,0,0,315,0
91,0,104,185,0,0,0,0,0,439,114,212,0,0,0,376,0,0,105,285,0,145,36,0,0,0,0,184,16,46,0,0,0,0,34,17,146,74,0,133,0,93,0,0,8,0,15,0,261,627,0,89,0,367,0,0,197,22,19,44,0,136,0,305,0,214,19,0,0,13,156,0,0,141,317,0,0,225,0,61,0,0,16,38,251,0,510,70,0,59,223,408,0,35,90,271,256,0,247,296,1
92,6,0,0,0,27,0,0,0,28,0,29,0,0,0,287,448,0,18,0,0,21,0,223,0,0,0,0,0,15,0,0,0,0,0,0,13,248,0,0,126,0,0,0,333,0,0,3,0,176,0,263,0,442,0,4,0,0,0,0,0,310,0,0,0,0,70,32,0,19,0,62,388,0,0,62,0,0,60,0,281,225,0,0,10,227,0,20,0,0,208,556,0,0,262,0,137,0,0,518,0
93,48,0,0,0,0,0,0,19,76,0,0,0,0,0,137,276,21,0,18,19,0,32,17,0,0,0,49,0,0,0,0,0,27,0,0,42,0,0,0,21,0,67,0,0,0,5,0,0,492,38,145,98,822,0,0,17,0,0,0,16,108,0,70,74,0,212,4,0,0,0,0,273,0,29,0,0,16,52,0,164,30,0,0,253,209,132,16,0,0,792,0,0,0,0,217,358,0,0,371,0
94,75,0,0,0,17,0,0,22,80,0,0,0,0,64,132,215,30,3,29,0,0,22,183,0,0,16,12,0,97,0,0,0,24,257,0,0,0,0,0,4,0,1,0,0,21,0,0,0,578,24,139,0,805,0,0,16,0,0,0,0,148,0,113,52,19,0,0,0,0,0,0,248,0,39,0,0,25,54,0,109,158,0,0,274,175,170,11,0,0,803,0,83,0,0,170,320,0,233,296,1
95,0,85,159,32,0,12,0,0,287,94,125,8,0,47,178,0,19,130,154,42,106,41,0,0,0,0,15,0,79,0,0,15,0,21,0,40,95,0,175,0,107,0,0,32,0,78,0,174,461,0,135,13,396,0,0,167,49,0,36,0,119,0,196,0,175,23,19,0,37,62,0,0,117,179,0,0,176,0,123,0,0,0,3,48,0,295,95,0,0,275,460,22,26,130,306,182,0,94,336,1
96,54,89,113,0,0,18,0,0,447,101,215,0,0,0,131,0,0,102,299,0,97,32,0,0,0,0,99,57,148,0,0,2,9,0,38,29,14,33,143,0,110,19,0,35,0,48,0,148,407,28,116,0,337,0,8,155,19,0,9,22,38,0,408,0,82,0,167,3,24,79,0,0,168,328,0,0,173,0,51,0,0,58,17,76,0,212,56,0,66,277,436,0,68,61,295,133,0,0,292,1
97,32,18,34,0,0,0,0,2,86,36,0,0,0,22,271,458,0,114,0,0,74,18,188,0,0,13,2,0,93,0,5,0,34,0,0,12,107,70,0,0,30,52,6,32,110,0,0,2,697,362,66,0,259,0,0,82,1,0,0,0,238,0,6,0,58,24,0,0,0,0,0,400,44,0,30,0,0,70,0,316,191,0,0,115,260,165,174,0,0,211,628,0,7,228,0,105,0,0,453,0
98,124,75,0,0,0,0,0,60,91,95,73,0,0,0,284,450,14,412,0,0,150,14,228,0,48,27,44,2,30,9,0,0,0,0,0,55,388,7,52,0,77,27,0,33,0,0,38,62,180,20,655,0,291,0,35,0,0,0,0,3,252,0,159,0,4,13,51,0,57,0,0,401,1,0,36,5,22,39,0,325,234,2,0,34,253,0,120,46,40,193,587,148,27,656,0,133,0,189,403,1
99,15,76,118,0,0,0,0,0,178,94,72,0,0,0,325,0,3,59,95,0,121,35,0,0,0,0,25,0,60,0,10,46,15,0,9,54,98,0,86,0,61,1,0,0,50,61,0,140,146,8,42,0,384,7,5,26,60,0,34,0,136,0,143,0,0,19,49,0,0,49,26,0,43,106,0,0,12,0,75,0,0,0,10,64,0,66,32,0,8,271,477,0,0,111,414,210,0,10,365,0
100,63,21,0,40,0,0,0,74,117,33,19,0,0,0,237,504,0,79,0,0,36,186,185,0,53,0,19,0,0,0,0,0,0,0,0,8,0,0,0,51,54,0,0,3,8,0,34,3,103,42,125,34,296,0,0,0,0,0,0,0,158,0,0,0,0,110,18,0,0,0,0,452,0,0,42,4,7,92,0,324,195,0,0,123,293,0,7,82,21,88,692,42,0,50,67,87,0,0,465,1
101,0,31,0,0,13,0,0,0,0,7,0,0,0,0,487,1,0,13,0,2,11,42,155,0,0,0,125,0,87,0,0,0,25,0,32,0,4,135,0,0,0,0,0,0,2,0,0,353,0,58,36,11,642,0,69,8,0,0,0,0,316,0,0,0,0,53,0,0,36,85,0,0,0,0,0,0,16,67,0,0,144,0,0,62,42,0,18,0,0,698,673,0,0,18,201,317,0,34,199,1
102,0,84,115,0,0,0,0,0,444,96,250,0,0,31,123,0,30,118,285,113,116,22,0,0,0,46,22,21,68,0,0,15,10,0,0,9,131,0,166,32,84,0,0,0,0,40,0,115,466,0,105,56,373,0,83,180,0,0,20,0,262,0,259,0,165,18,0,0,31,31,0,0,65,322,0,0,132,0,25,0,0,21,0,77,0,290,13,0,68,267,461,20,34,165,225,53,0,47,219,1
103,0,7,0,0,29,0,0,12,25,8,0,0,0,0,260,480,0,173,0,4,28,36,225,0,0,7,57,0,15,0,18,0,25,0,0,32,350,5,0,3,0,96,0,8,58,0,15,5,206,0,478,3,351,0,25,0,6,0,0,0,310,0,56,51,0,7,0,2,33,0,84,435,0,0,119,0,0,32,0,284,227,0,9,29,280,0,92,0,0,181,555,13,0,488,0,71,0,177,487,0
104,12,0,0,0,0,0,0,0,336,7,42,0,0,15,338,453,18,57,0,8,27,146,132,0,14,0,36,2,34,0,0,0,0,0,0,23,47,12,17,0,73,16,0,20,13,0,0,11,468,42,322,0,296,0,0,53,0,0,0,23,192,0,45,0,0,0,16,0,0,0,0,415,13,0,168,0,0,90,0,424,139,3,0,18,289,90,99,0,0,114,630,0,29,192,0,74,0,5,416,0
105,0,16,0,0,0,0,0,2,12,0,0,0,0,0,137,249,11,0,7,0,0,0,0,0,0,0,21,0,77,0,0,0,0,36,0,41,0,54,0,0,0,0,0,27,12,0,0,0,394,33,143,0,837,0,0,16,0,0,0,0,100,0,110,45,0,63,0,0,0,0,0,261,0,15,0,0,0,91,0,131,0,0,0,233,270,106,6,0,0,823,0,0,0,0,212,345,0,390,356,0
106,0,106,105,0,0,4,0,0,371,119,289,0,0,0,89,0,0,155,399,15,141,44,0,0,0,0,35,57,91,0,0,0,12,3,33,36,63,0,190,0,122,0,0,28,0,12,0,136,393,65,134,92,333,14,21,165,0,0,6,0,126,0,272,0,116,13,18,0,38,55,0,0,118,424,51,0,168,0,0,0,0,58,7,102,0,233,55,0,102,250,480,0,78,113,275,11,0,174,256,1
107,0,134,0,0,0,18,0,7,166,136,85,8,0,0,173,0,0,86,62,0,147,75,0,0,0,2,17,0,66,0,9,0,0,0,19,17,21,69,49,0,6,23,0,28,0,5,0,23,497,482,74,81,441,0,6,149,23,23,56,0,112,0,149,0,122,0,191,0,1,0,0,0,156,75,0,0,214,0,56,0,0,0,0,83,0,268,19,0,0,316,534,43,0,35,509,229,0,32,272,0
108,0,60,200,8,0,0,0,0,508,68,243,0,0,26,193,0,4,126,290,42,86,44,0,0,0,6,7,34,26,0,0,11,0,0,43,10,19,31,202,0,118,8,0,0,6,37,0,286,426,0,125,0,371,0,0,153,34,0,8,0,87,0,460,0,162,55,92,0,15,124,0,0,213,325,28,0,242,0,12,0,0,35,13,65,0,224,16,0,96,290,442,81,53,46,285,194,0,0,218,1
109,0,0,0,0,33,0,0,0,104,0,5,19,0,46,134,226,2,9,53,77,0,29,61,0,0,7,33,0,23,0,0,0,0,0,0,0,0,0,0,0,0,11,0,0,0,0,0,4,407,44,140,9,810,0,0,13,0,0,0,0,143,0,177,164,5,0,0,0,0,31,0,253,10,65,49,0,3,76,6,169,85,0,0,292,391,115,79,0,0,802,0,57,0,0,225,400,0,88,361,1
110,44,24,35,0,0,0,0,0,427,15,227,0,0,0,185,0,3,10,288,105,19,121,92,0,0,0,0,33,34,0,0,12,7,0,0,18,0,9,93,0,75,0,0,3,0,37,0,166,204,11,123,0,367,21,140,28,45,0,43,0,185,0,335,0,48,0,0,0,11,104,0,0,26,318,0,0,10,41,28,0,87,33,13,118,0,86,20,0,90,209,457,0,45,0,384,197,0,0,294,0
111,74,88,136,1,21,0,0,0,494,103,265,0,0,0,253,0,17,103,299,339,106,25,0,0,0,0,42,52,95,0,2,31,22,29,0,1,49,0,147,8,137,4,0,0,0,57,0,201,443,0,95,0,207,0,3,144,53,0,11,0,153,0,459,0,129,5,0,0,12,112,46,0,188,330,14,0,123,0,61,0,0,53,22,164,0,262,24,0,85,145,465,0,68,76,272,111,0,0,320,1
112,0,70,90,0,0,56,0,16,333,74,301,19,0,0,280,163,0,94,336,53,72,101,227,0,0,0,35,73,83,0,0,25,37,0,103,0,88,0,135,0,157,0,0,83,0,46,0,80,449,33,130,0,281,34,281,234,107,50,165,0,152,0,446,88,241,31,3,0,28,76,15,149,246,368,0,0,195,78,43,31,228,73,6,81,2,453,108,0,114,65,245,87,90,117,85,228,18,0,184,1
113,0,0,0,24,211,0,0,0,12,0,0,0,0,0,139,289,0,0,6,24,0,118,8,0,0,0,63,0,0,0,0,0,0,6,0,50,0,40,0,0,0,6,0,0,20,0,0,0,369,0,129,27,856,0,0,13,0,0,0,19,120,0,147,80,0,52,37,6,0,0,0,282,2,12,0,0,0,78,0,153,18,0,0,279,314,63,0,0,0,826,0,145,0,0,240,381,0,0,360,0
114,23,0,0,0,0,0,0,0,0,3,21,0,0,0,373,474,36,85,0,0,25,26,196,0,0,0,0,0,13,0,1,0,0,13,0,76,132,0,0,0,0,80,0,175,4,0,0,0,146,26,466,0,273,0,0,0,0,0,0,0,289,0,17,13,0,267,12,0,0,0,0,436,0,0,13,0,0,72,0,369,201,0,0,0,208,0,45,0,0,217,574,45,0,338,0,105,0,0,506,1
115,0,9,0,42,0,0,0,0,156,0,198,0,0,9,185,252,7,0,94,0,13,86,139,0,0,0,27,0,0,0,5,0,3,0,0,25,0,20,41,0,34,0,0,14,8,0,0,89,197,0,108,23,385,0,0,22,0,0,0,0,307,0,82,27,55,31,6,0,0,58,8,188,51,106,0,0,11,110,0,588,124,0,0,77,0,25,64,0,29,193,200,0,0,0,387,299,0,0,476,1
116,0,146,1,0,0,89,0,4,430,152,245,0,0,0,270,0,112,79,249,15,176,88,13,0,0,0,0,47,6,0,0,7,0,36,0,68,93,0,150,0,95,0,0,11,0,38,0,149,396,30,340,15,385,0,114,165,0,0,0,0,135,0,358,0,128,152,58,0,12,72,0,0,132,274,52,0,129,0,27,0,3,48,0,70,0,94,42,0,65,317,481,34,53,116,442,250,0,79,258,0
117,0,0,0,0,6,0,0,14,0,0,48,0,0,0,374,477,0,0,0,0,0,91,151,0,0,0,17,0,82,0,2,0,14,33,0,28,0,28,0,0,6,0,0,29,0,0,0,0,37,0,65,69,338,0,0,0,0,0,0,0,255,0,0,17,0,0,128,0,0,0,0,438,0,0,0,0,0,58,0,408,158,0,0,0,285,0,212,46,0,169,642,81,0,25,0,99,0,337,491,0
118,0,0,0,0,0,0,0,0,0,0,0,0,0,0,251,426,0,0,0,66,0,33,266,0,0,0,5,0,34,0,0,0,1,29,0,0,0,212,0,102,0,0,0,18,103,0,0,0,0,0,0,0,323,0,0,0,0,0,0,0,330,0,0,0,0,40,13,0,0,0,31,371,0,0,0,0,0,48,0,245,270,0,0,0,263,0,74,0,0,297,570,0,0,0,0,121,0,0,477,0
119,0,56,32,12,0,11,0,0,469,60,284,0,0,0,417,4,12,2,245,0,52,177,14,0,0,9,0,40,35,0,0,51,30,195,0,13,0,79,104,0,88,22,0,68,14,87,0,165,284,69,244,0,358,24,39,62,0,0,0,0,127,0,437,0,125,0,0,0,1,136,0,4,95,278,0,0,37,0,62,0,2,39,0,118,0,54,38,0,82,215,417,60,43,7,388,347,0,37,322,0
120,39,0,89,0,59,0,0,0,0,0,0,0,0,63,282,413,45,0,75,0,0,23,191,0,72,17,56,0,11,48,0,0,0,0,1,0,38,0,28,0,74,0,0,3,12,0,188,7,511,5,16,17,455,0,28,91,0,0,0,0,163,0,28,20,281,211,125,0,0,0,2,353,10,41,21,19,0,25,0,225,190,0,0,19,151,163,119,0,3,107,653,0,5,65,0,111,24,0,484,0
121,43,64,0,0,0,0,2,0,262,69,431,0,0,0,479,201,23,35,254,100,47,180,402,0,0,24,14,35,58,0,0,20,0,0,0,77,0,0,163,0,107,40,0,0,0,58,0,226,257,0,205,26,354,14,432,82,11,0,0,0,173,0,13,115,177,0,60,0,0,217,0,194,0,289,0,0,0,112,21,56,387,35,45,109,61,110,22,0,85,251,384,0,44,0,302,348,0,0,359,1
122,24,0,0,59,0,0,0,12,0,0,31,0,0,28,290,421,4,0,0,66,0,37,199,0,0,0,32,0,51,0,38,0,21,0,0,0,0,0,5,0,6,0,0,2,24,0,0,0,21,47,7,0,303,0,0,0,0,0,0,0,283,0,0,12,3,22,17,0,0,0,0,368,0,0,0,0,0,30,0,316,202,0,0,0,257,0,9,0,0,182,594,18,0,0,0,90,0,0,476,0
123,7,56,0,0,15,0,0,80,94,66,138,1,0,0,224,451,20,185,0,0,98,45,250,0,75,11,45,6,0,0,0,0,0,78,0,1,192,0,76,0,131,0,0,2,56,0,64,6,167,313,509,11,303,0,1,0,0,0,0,0,225,0,74,0,98,24,0,0,15,0,6,399,32,5,24,2,5,112,0,343,256,6,0,99,208,0,3,98,0,136,617,91,47,469,6,112,0,94,440,1
124,0,46,0,88,19,0,0,12,194,4,0,13,0,51,127,274,14,55,60,0,0,37,0,0,0,0,39,0,82,0,0,0,0,0,32,66,0,0,0,0,0,11,0,0,0,0,0,0,425,38,139,0,840,0,0,24,0,0,14,11,125,0,206,10,0,51,71,18,0,0,7,275,0,76,0,0,41,52,32,138,0,0,0,278,232,152,62,0,0,821,0,0,0,0,228,333,0,73,365,0
125,91,0,0,0,40,0,0,1,8,1,51,0,0,0,223,459,53,26,0,0,4,72,188,0,0,58,39,0,61,0,0,0,30,0,0,12,18,0,0,0,0,0,0,171,0,0,20,0,108,0,119,56,308,0,0,0,0,0,0,0,305,0,0,3,0,41,4,0,0,0,0,391,0,0,0,0,0,56,0,303,192,0,0,71,249,0,46,0,0,286,620,0,0,60,0,108,0,55,436,1
126,0,56,65,0,0,48,0,0,456,56,185,0,0,25,317,58,11,13,252,0,44,0,242,0,0,45,17,22,69,0,0,9,0,0,0,6,41,46,38,181,65,8,0,150,22,38,0,188,487,0,154,6,362,0,99,84,4,0,19,0,116,0,284,36,126,0,6,0,0,106,0,51,120,286,35,0,67,21,111,25,237,22,8,108,6,297,109,0,40,198,405,80,35,40,326,276,0,456,357,1
127,44,0,0,50,0,0,0,0,0,0,0,0,0,0,316,480,0,20,0,0,0,52,172,0,0,0,13,0,48,0,3,0,0,69,0,0,0,57,0,0,0,34,0,105,0,0,0,0,57,15,74,0,349,0,0,0,0,0,0,0,274,0,0,25,0,317,0,0,0,0,0,433,0,0,119,0,0,72,0,319,174,0,0,0,213,0,121,0,0,131,559,45,0,35,0,76,0,256,495,1
128,72,0,0,0,0,0,0,0,55,0,0,22,0,123,253,0,20,35,21,0,0,60,28,0,0,0,51,0,48,0,7,44,7,24,56,54,0,55,0,57,107,0,0,4,28,62,0,517,40,0,85,109,584,0,0,0,0,0,12,0,396,0,60,0,4,27,20,0,2,231,0,0,1,21,0,0,0,62,0,0,27,0,46,148,0,0,27,0,0,511,627,117,0,37,313,156,0,163,203,1
129,0,15,0,0,17,0,0,5,56,0,0,36,0,0,150,206,20,1,27,10,0,19,117,0,0,14,24,0,53,0,0,0,0,29,0,46,0,0,0,0,0,35,0,178,146,0,0,0,441,0,143,0,800,0,0,4,0,0,0,0,152,0,164,193,7,0,46,0,0,18,33,237,0,38,113,0,30,76,0,199,156,0,0,288,309,126,246,0,0,802,0,0,0,0,203,359,0,111,313,1
130,0,131,153,33,0,29,0,0,420,140,233,0,0,72,172,0,30,121,358,0,159,0,0,0,0,0,86,72,31,0,3,6,82,24,101,61,19,0,209,0,139,36,0,1,61,24,0,333,481,253,136,0,371,35,0,201,42,0,48,0,304,0,337,0,196,0,75,0,12,171,0,0,209,389,0,0,285,0,43,0,0,72,34,74,0,301,43,0,132,283,470,67,87,56,253,115,0,31,195,1
131,0,25,21,5,0,0,0,0,526,15,302,0,0,70,372,223,11,0,306,0,10,164,116,0,0,0,29,35,74,0,0,0,0,9,5,10,0,0,102,0,84,3,0,193,0,0,0,124,283,10,116,0,420,17,228,22,0,0,0,0,160,0,320,53,53,7,97,0,0,77,0,203,0,344,0,0,18,30,0,167,113,36,0,116,0,122,37,0,75,308,394,41,47,0,178,170,0,223,274,1
132,0,76,200,0,0,0,0,0,243,77,149,0,0,0,414,0,58,96,152,1,95,0,7,0,0,14,0,0,25,0,0,36,0,35,42,41,54,93,111,0,65,0,0,0,7,74,0,204,370,264,95,76,234,29,0,117,47,0,7,0,187,0,235,0,118,24,8,0,16,83,0,0,150,173,21,0,112,0,102,0,10,0,11,269,0,232,60,0,0,129,409,20,25,79,353,296,2,0,392,0
133,15,0,0,0,0,0,0,0,113,0,26,0,0,0,316,388,18,40,0,78,0,98,161,0,36,0,101,0,118,0,0,0,0,0,0,209,65,142,7,16,2,0,0,2,0,0,52,0,163,17,225,0,451,0,0,0,0,0,0,0,228,0,0,3,6,0,7,0,0,0,0,339,0,0,0,0,0,33,0,298,166,0,0,0,207,0,127,0,0,141,576,200,0,133,0,149,0,184,507,0
134,27,0,0,65,0,0,0,4,73,0,0,0,0,38,113,225,44,33,50,0,0,112,0,0,0,29,0,0,51,0,14,0,3,0,0,39,0,23,0,0,0,21,0,78,9,0,0,0,412,33,130,0,990,0,0,32,0,23,5,0,166,0,67,9,0,2,32,0,0,11,0,207,12,60,0,0,0,51,86,75,0,0,0,263,235,112,95,0,0,969,8,28,0,0,269,299,0,258,247,0
135,22,133,64,0,34,6,0,0,404,139,178,34,0,0,387,114,36,164,216,23,139,121,249,0,0,0,12,0,74,0,5,0,16,0,74,33,89,43,83,0,91,0,0,158,27,8,0,188,470,227,102,0,438,0,39,247,58,6,81,1,85,0,245,50,294,0,98,0,21,138,0,113,181,247,16,0,238,113,101,8,242,0,32,79,38,625,50,0,57,263,402,0,0,135,307,301,0,25,322,1
136,0,41,0,10,26,0,0,73,187,59,43,0,0,0,260,514,25,160,0,0,61,34,173,0,56,36,0,5,68,0,0,0,40,58,0,0,53,0,23,0,97,0,0,0,0,0,31,0,252,131,114,28,341,0,0,0,0,0,0,0,216,0,11,0,0,132,35,0,0,0,0,461,0,0,0,1,10,76,0,349,182,6,0,81,283,5,16,81,4,155,684,93,33,82,10,98,0,307,446,1
137,28,0,0,30,19,0,0,0,112,1,46,0,0,49,305,455,0,163,0,0,30,84,206,0,19,0,13,0,0,0,0,0,8,0,0,0,376,41,1,0,37,15,0,29,0,0,31,0,397,45,508,42,302,0,17,10,0,0,0,0,303,0,66,17,3,20,0,0,31,0,0,406,0,0,5,0,0,80,0,365,210,0,0,17,237,50,38,0,0,268,570,48,0,549,0,65,0,4,479,1
138,0,13,0,82,0,0,0,9,45,0,0,0,0,0,119,272,0,0,14,0,0,162,0,0,0,2,38,0,0,0,11,0,0,15,27,0,0,0,34,0,0,0,0,157,0,23,0,0,430,24,132,16,860,0,0,13,0,0,32,0,148,0,130,20,0,0,134,2,0,0,43,273,0,20,0,0,6,75,0,137,0,0,0,294,408,97,202,0,0,851,1,133,0,0,278,409,0,0,342,0
139,2,18,38,0,0,0,0,0,566,22,223,0,0,0,439,324,30,0,278,32,31,53,178,0,0,0,25,29,43,0,0,0,27,56,4,6,53,47,56,0,83,0,0,83,56,9,0,102,450,165,84,0,353,8,82,108,0,0,0,0,246,0,355,55,144,62,138,0,6,74,38,265,101,311,20,0,91,32,0,198,164,30,0,205,0,288,24,0,58,286,213,0,45,50,304,196,0,0,350,1
140,0,67,64,0,0,0,0,0,334,67,198,0,0,71,252,0,0,67,230,8,86,19,0,0,0,0,48,24,0,0,0,10,0,0,17,7,34,0,113,0,72,0,0,48,0,43,0,116,241,0,69,0,150,12,30,97,18,0,9,54,101,0,310,0,36,58,0,0,0,48,0,0,56,253,0,5,74,0,71,0,0,26,0,113,0,112,98,0,38,121,507,37,41,53,301,66,0,0,402,1
141,21,180,74,4,0,87,0,0,225,189,92,0,0,0,316,0,21,131,23,72,219,78,69,0,0,0,163,0,17,1,36,3,30,0,16,0,33,46,66,39,48,0,0,43,0,26,0,59,587,0,69,4,389,0,0,226,31,0,0,0,148,0,167,0,166,0,10,0,6,12,0,0,300,34,0,20,321,19,61,0,63,0,0,158,0,364,4,0,43,296,438,81,0,43,368,317,5,29,332,0
142,44,45,131,8,0,21,0,0,414,53,298,0,0,0,222,0,31,74,373,18,48,20,0,0,0,3,45,47,36,0,0,27,0,393,69,33,26,0,131,0,105,0,0,58,25,84,0,189,299,0,158,4,390,0,103,27,0,0,21,0,96,0,263,0,77,93,0,0,18,103,0,0,36,406,0,1,0,0,83,0,0,46,23,25,0,138,5,0,115,256,405,23,65,38,271,185,0,491,307,1
143,49,0,0,27,0,0,0,0,138,0,26,0,0,2,151,325,56,37,58,0,0,28,215,0,0,0,43,0,76,0,0,0,0,0,0,54,0,0,0,54,0,0,0,27,0,2,0,0,298,30,87,0,835,0,0,0,0,0,0,1,125,0,165,190,0,59,1,0,0,16,34,320,0,69,0,0,0,104,44,145,213,0,0,255,244,29,64,0,0,795,0,87,0,0,189,382,0,1,385,1
144,0,0,0,39,28,0,0,18,127,0,0,0,0,0,150,302,9,14,9,13,0,28,0,0,0,0,0,0,109,0,0,0,0,0,0,0,0,38,0,0,0,6,0,152,0,4,0,0,366,50,123,0,875,0,0,0,0,0,0,0,119,0,122,34,0,22,23,0,0,0,0,305,0,17,0,0,0,64,29,164,0,0,0,254,200,57,51,0,0,867,3,25,0,0,234,344,0,18,345,0
145,0,0,0,12,0,0,0,32,89,0,40,0,0,48,107,197,31,19,53,0,0,93,95,0,0,0,25,0,0,0,0,0,0,15,0,0,0,53,0,0,0,0,0,0,16,0,0,0,614,0,131,0,779,0,0,10,0,0,0,0,141,0,167,27,32,32,116,0,0,0,11,200,0,65,14,0,37,37,0,50,81,0,0,250,204,188,103,0,0,778,7,101,0,0,236,274,0,39,240,1
146,0,0,49,0,0,0,19,0,0,0,0,0,0,0,230,457,35,190,0,30,1,23,216,0,0,0,157,0,51,0,0,0,0,25,0,37,543,0,0,0,3,0,0,26,0,0,11,15,221,82,265,0,279,0,49,0,25,0,0,0,317,0,73,53,0,19,0,0,43,0,13,402,0,0,0,0,0,25,0,228,215,0,11,14,280,0,108,0,0,341,558,98,0,554,0,78,0,285,470,1
147,0,69,55,32,61,0,0,0,258,69,136,0,0,0,448,0,38,52,151,62,75,7,50,0,0,0,10,0,0,0,0,0,0,0,0,24,2,24,67,71,53,0,0,43,0,38,0,187,462,0,89,121,308,0,0,143,51,0,38,0,135,0,244,0,182,16,8,0,12,114,0,0,195,175,0,0,208,0,113,0,38,0,0,212,0,337,13,0,6,184,400,40,13,23,439,330,0,0,313,0
148,0,13,0,0,17,0,0,0,58,0,0,0,0,30,179,279,8,51,27,18,0,297,0,0,0,0,0,0,54,0,0,0,116,0,45,2,0,156,11,0,0,64,0,114,0,0,0,0,316,43,109,0,877,0,0,8,0,0,18,9,133,0,115,17,1,0,16,0,0,0,0,276,16,37,29,0,1,98,0,177,2,0,0,242,373,108,152,0,0,867,0,34,0,0,220,423,0,31,414,0
149,0,73,109,22,0,27,0,0,464,83,305,0,0,109,297,0,13,24,400,0,113,20,0,0,0,0,47,61,93,0,0,22,9,28,99,57,0,0,162,0,120,0,0,0,11,67,0,318,407,0,136,0,317,37,56,131,21,0,38,0,156,0,200,0,4,29,6,0,17,219,0,0,40,448,0,0,2,0,100,0,0,61,99,217,0,276,19,0,160,191,356,111,77,13,235,216,0,75,319,1
150,10,39,17,0,39,27,0,24,293,58,0,0,0,0,319,414,0,515,3,0,103,23,135,0,48,0,19,13,18,0,0,0,0,0,0,1,316,0,33,0,89,0,0,4,14,0,0,76,555,0,634,0,308,0,0,88,0,0,0,11,170,0,183,0,18,0,10,0,30,0,0,376,0,0,4,0,21,87,0,407,144,14,0,33,261,182,9,0,27,98,611,0,36,615,0,70,0,202,383,1
151,0,113,161,35,0,0,0,0,291,135,127,0,0,12,343,0,0,60,157,22,170,37,0,0,0,0,73,0,0,0,0,16,0,0,0,67,69,0,139,0,100,0,0,136,20,46,0,199,427,0,63,0,157,0,0,111,62,0,18,0,140,0,225,0,56,0,0,0,26,123,20,0,185,177,0,0,32,0,31,0,0,0,12,223,0,263,19,0,28,86,417,0,14,81,330,120,14,149,362,0
152,0,8,0,0,4,0,0,0,169,0,0,0,0,0,120,305,0,32,96,0,0,104,0,0,0,35,15,0,42,0,0,0,0,0,61,39,0,0,11,0,0,54,0,2,43,24,0,0,345,25,46,1,839,0,0,8,0,0,26,0,107,0,179,0,0,0,9,0,0,0,0,299,22,112,0,0,2,80,62,151,0,0,0,281,403,116,104,0,0,809,0,38,0,0,296,390,0,204,328,0
153,34,62,303,4,0,8,0,0,191,67,25,0,0,54,0,0,0,165,54,86,93,29,0,0,11,0,0,0,19,0,29,9,0,0,71,36,42,0,292,0,85,0,0,9,28,34,0,304,380,26,174,10,485,40,0,130,38,0,12,0,286,0,177,0,132,0,20,0,45,141,0,0,169,60,0,2,197,0,15,0,0,0,56,98,0,169,2,0,38,359,602,72,0,86,274,0,0,267,31,1
154,0,131,68,0,8,55,0,4,194,138,73,19,0,80,403,236,0,69,79,6,159,51,358,0,0,0,13,0,76,0,0,0,0,0,72,0,40,0,97,0,61,5,0,10,38,0,0,150,710,1,107,7,435,0,9,219,63,26,44,0,193,0,119,231,191,85,142,0,0,105,0,186,247,78,0,0,211,196,43,231,344,0,27,121,99,525,100,0,44,162,390,0,0,71,174,342,0,7,362,1
155,39,102,158,66,0,12,0,0,324,109,108,0,0,0,281,0,0,145,159,0,119,28,0,0,0,0,23,33,76,0,0,0,0,0,0,19,24,0,168,0,72,9,0,0,37,17,0,116,422,0,123,46,357,0,0,151,15,0,33,7,244,0,319,0,74,107,20,0,2,36,0,0,126,170,118,0,162,0,12,0,0,34,0,141,0,237,253,0,73,284,478,0,40,75,299,145,0,0,254,1
156,0,85,29,0,20,0,0,0,353,80,368,0,0,0,408,126,9,33,283,17,90,0,395,0,0,3,37,40,85,0,0,26,5,0,0,6,10,0,114,0,97,28,0,0,11,80,0,298,320,0,167,0,230,8,124,88,0,0,0,17,128,0,110,144,121,40,0,0,10,242,0,111,0,310,21,0,0,117,86,151,386,39,65,178,58,141,31,0,48,107,244,0,43,48,241,331,0,158,321,1
157,0,0,0,0,0,0,0,1,0,0,3,0,0,7,275,422,0,0,0,0,0,52,205,0,0,0,50,0,51,0,0,0,0,0,0,142,12,0,0,0,0,0,0,102,0,0,9,0,31,141,55,25,339,0,0,0,5,0,0,0,294,0,0,24,0,9,0,0,0,0,0,355,0,0,0,0,0,18,0,260,206,0,0,0,230,0,0,0,0,322,565,122,0,29,0,81,0,55,516,0
158,0,0,0,26,38,0,0,6,66,0,0,0,0,4,121,296,12,3,16,0,0,3,0,0,0,0,14,0,83,0,0,0,6,33,0,33,0,3,0,0,0,47,0,2,3,0,0,0,387,45,172,0,853,0,0,14,0,0,0,0,128,0,100,13,0,38,0,0,0,0,0,303,0,25,0,0,0,71,0,128,0,0,0,283,396,114,24,0,0,833,0,69,0,0,252,405,0,51,386,0
159,0,25,0,0,0,0,0,8,149,0,0,13,0,18,140,306,0,46,50,0,0,67,0,0,0,20,12,0,9,0,0,0,0,48,21,0,0,24,17,0,0,0,0,0,0,17,0,0,407,26,116,0,854,0,0,17,0,0,20,0,112,0,176,23,0,7,9,0,0,1,0,309,7,62,61,0,48,126,0,166,0,0,0,275,366,135,28,0,0,815,0,54,0,0,238,393,0,229,394,0
160,0,0,103,0,0,0,0,0,412,0,268,0,0,0,185,0,32,45,343,382,4,1,0,0,0,3,11,18,15,0,0,34,0,0,33,39,0,0,120,0,75,0,0,20,50,52,0,221,125,109,62,6,404,3,21,15,5,0,22,0,90,0,232,0,58,0,18,0,0,104,0,0,0,380,0,0,0,0,19,0,0,18,29,84,0,41,45,0,128,251,405,0,43,7,262,99,0,0,306,1
161,0,0,0,37,53,0,0,16,44,0,35,0,0,0,309,431,1,11,0,75,0,48,152,0,2,1,0,0,112,0,0,0,20,21,0,55,0,5,0,0,15,23,0,0,31,0,2,0,75,31,5,9,310,0,0,0,0,0,0,0,277,0,0,3,4,1,0,0,0,0,0,383,0,0,0,0,0,22,0,352,157,0,0,0,273,0,5,15,0,224,606,0,0,0,0,112,0,0,484,0
162,0,54,11,0,0,19,0,0,277,51,174,0,0,0,257,0,0,29,180,31,41,19,124,0,0,5,236,2,11,0,23,13,0,36,0,87,0,15,70,0,41,15,0,163,0,74,0,174,248,0,224,0,402,0,182,55,7,0,27,15,45,0,153,0,54,0,0,0,19,141,19,0,57,199,0,0,47,42,125,0,114,3,19,78,0,64,36,0,31,138,380,89,23,0,379,221,0,233,344,0
163,55,51,0,0,0,0,0,0,193,58,198,0,0,29,482,233,5,44,146,1,72,100,175,0,0,2,15,8,50,0,10,11,0,0,35,55,26,41,66,0,42,0,0,20,0,34,0,128,203,56,132,23,447,0,0,63,0,0,0,51,173,0,82,120,77,61,0,0,0,115,0,186,21,163,42,0,0,148,27,308,172,8,36,176,0,49,27,0,49,311,455,0,9,47,208,236,0,11,426,1
164,0,66,79,9,0,27,0,0,581,69,248,0,0,0,194,0,22,54,271,92,63,184,17,0,0,61,33,52,0,0,0,0,121,0,14,12,0,17,158,0,83,72,34,109,82,2,0,152,279,27,171,0,345,22,2,78,0,0,0,0,144,0,522,0,57,0,1,0,0,36,0,0,107,301,249,8,140,0,5,0,12,52,0,92,0,62,18,0,85,250,437,69,48,0,288,212,0,45,331,1
165,0,28,0,0,0,0,0,0,0,46,13,0,0,0,253,472,24,162,0,11,82,16,163,0,23,0,0,0,16,0,0,0,0,0,0,0,317,0,0,0,0,0,0,13,0,0,21,26,188,50,337,87,315,0,0,0,0,0,0,0,310,0,59,25,54,11,16,11,51,0,0,412,0,0,0,0,25,61,0,330,167,0,0,15,265,0,17,0,16,323,606,43,0,491,0,125,0,52,449,1
166,0,78,57,0,26,0,0,0,560,79,278,0,0,36,242,212,0,68,384,0,81,13,251,0,0,0,19,48,11,0,0,8,5,0,0,13,69,0,106,0,86,0,0,0,0,34,0,175,458,10,128,0,339,20,272,114,0,0,1,0,138,0,391,160,177,0,0,9,8,95,0,207,67,421,159,0,105,75,29,215,246,48,19,107,16,304,29,0,69,183,302,98,47,78,229,242,0,56,225,1
167,0,79,0,5,0,0,0,1,181,24,0,31,0,0,127,259,0,64,72,0,0,85,0,0,0,0,0,0,98,0,1,0,19,0,47,37,0,0,0,0,0,43,0,27,0,24,0,0,344,21,82,0,922,0,0,0,0,0,17,0,152,0,226,0,0,0,42,0,0,0,0,271,8,85,0,0,29,60,46,121,0,0,0,300,255,138,20,0,0,920,6,0,0,0,261,350,0,40,337,0
168,14,68,0,4,0,0,0,0,230,71,387,0,0,20,489,276,3,6,209,0,105,75,154,0,0,0,91,18,43,0,0,0,0,0,0,4,22,0,79,0,92,0,0,3,49,30,0,192,143,41,147,45,464,6,0,38,23,0,0,0,147,0,7,94,118,30,36,0,10,242,0,217,0,233,7,0,11,77,31,223,149,18,48,130,41,14,0,0,84,394,412,162,38,25,190,154,0,0,346,1
169,81,0,0,0,0,0,0,0,129,0,70,0,0,0,262,460,5,191,0,0,9,18,166,0,33,25,21,0,21,0,6,0,12,0,0,133,550,40,8,14,42,0,0,0,0,0,88,8,576,24,445,0,282,0,45,64,4,0,0,0,288,0,84,0,14,0,1,0,84,0,0,405,0,0,33,0,0,86,0,331,168,0,0,11,218,129,16,0,0,287,543,67,14,630,0,62,0,37,480,1
170,46,0,0,13,2,0,0,6,124,0,0,0,0,101,126,292,29,41,40,0,0,20,0,0,0,69,11,0,47,0,0,0,22,58,0,0,0,0,0,6,0,25,0,93,11,0,0,0,369,0,139,9,866,0,0,21,0,0,0,0,137,0,161,26,0,35,0,5,0,0,55,297,8,49,7,0,0,87,0,161,0,0,0,302,409,79,34,0,0,843,5,0,0,0,288,415,0,64,378,0
171,0,0,20,1,177,0,0,0,4,0,0,0,0,53,302,452,13,201,0,0,21,0,170,0,0,0,29,0,136,0,0,0,30,150,0,5,308,0,0,0,1,53,0,68,24,0,0,128,341,256,426,0,304,0,45,0,0,0,0,0,289,0,58,0,28,8,18,0,22,0,0,398,0,0,0,0,0,61,0,344,174,0,0,0,239,34,39,0,0,218,589,81,0,505,0,80,0,67,482,1
172,0,38,0,0,0,0,0,14,106,8,0,0,0,0,108,322,19,20,54,0,0,114,0,0,0,0,43,0,39,0,0,0,0,10,32,0,0,19,28,0,0,15,0,13,0,12,0,0,456,0,146,0,812,0,0,3,0,0,0,0,102,0,173,8,9,3,66,0,0,1,0,309,0,67,2,0,14,87,12,146,0,0,0,266,443,149,36,0,0,754,0,56,0,0,235,393,0,69,352,0
173,0,59,170,0,4,0,16,0,352,65,101,0,0,0,139,0,0,222,122,0,76,26,0,0,0,5,42,0,50,0,0,16,123,0,0,20,99,12,210,0,80,0,0,0,19,38,0,168,435,25,81,57,420,0,0,146,24,0,0,37,123,0,278,0,134,118,32,0,54,37,0,0,149,143,4,0,151,0,82,0,0,0,0,190,0,234,217,0,45,279,488,10,18,159,354,48,0,0,330,1
174,0,13,8,0,0,0,0,0,138,23,7,4,0,0,190,0,0,250,76,13,20,43,0,0,0,16,76,0,4,0,0,62,0,27,103,14,99,0,2,89,74,0,0,10,31,78,0,547,182,56,90,0,590,0,0,12,60,0,58,0,426,0,139,0,53,138,35,0,3,289,0,0,24,87,0,2,8,0,30,0,0,0,60,122,0,74,0,0,24,480,662,81,0,150,365,37,22,134,79,1
175,18,133,0,0,143,24,0,0,404,116,177,0,0,0,276,0,0,32,255,137,62,27,165,0,0,13,8,24,74,0,0,26,0,0,0,4,59,120,62,0,57,0,0,32,0,50,0,175,334,23,236,0,417,4,406,102,25,0,0,0,54,0,284,0,152,30,31,0,14,176,0,0,62,279,39,0,54,26,54,0,157,23,32,55,0,161,12,0,42,165,368,174,33,63,372,260,0,266,345,0
176,12,6,56,15,0,0,0,12,70,9,0,0,0,150,243,472,44,206,0,0,36,39,215,0,10,0,30,0,40,0,0,0,0,14,0,191,485,0,4,5,13,0,0,82,23,0,20,67,357,52,324,85,267,0,34,0,0,0,0,4,291,0,69,47,0,0,21,0,5,0,0,416,15,0,9,0,0,26,0,302,218,0,0,42,299,24,22,0,0,270,590,0,0,531,0,92,0,24,430,1
177,0,78,40,0,0,0,0,18,507,80,217,51,0,0,269,212,0,118,318,36,72,129,236,0,0,0,31,26,125,0,0,0,0,7,97,276,167,0,79,40,75,39,0,10,0,22,0,90,522,40,109,4,320,5,141,139,0,69,96,27,170,0,400,95,194,17,43,7,16,49,21,211,137,347,0,0,157,22,0,107,225,26,0,94,24,331,14,0,89,291,381,126,35,171,124,254,0,0,215,1
178,0,106,0,0,35,0,0,0,71,48,0,0,0,0,113,166,0,85,80,115,8,43,0,0,0,20,25,0,133,0,0,0,0,0,22,12,0,0,3,0,0,75,0,0,0,0,0,0,459,62,130,28,827,0,34,20,0,0,7,0,164,0,228,12,20,41,3,0,0,0,0,175,35,97,85,0,25,36,33,51,0,0,0,250,238,216,76,0,1,829,0,114,0,13,202,288,0,0,280,0
179,5,0,0,0,0,0,3,0,0,0,0,0,0,10,256,441,0,29,0,0,0,10,183,0,0,0,36,0,0,0,30,0,0,83,0,10,263,0,0,22,0,0,0,288,0,0,11,0,75,0,216,20,419,0,12,0,0,0,0,0,289,0,0,6,0,0,0,0,40,0,0,371,0,0,18,0,0,42,0,254,184,0,0,0,225,0,26,0,0,163,564,61,0,235,0,100,0,289,527,0
180,0,0,0,0,0,0,0,0,265,0,23,0,0,8,155,249,27,86,73,34,0,159,1,0,0,0,16,0,169,0,0,0,0,0,0,70,0,0,0,0,0,0,0,0,0,6,0,0,308,0,40,0,892,0,0,0,0,0,0,0,168,0,265,10,0,18,10,0,0,0,0,259,0,84,0,0,40,90,58,117,0,0,0,304,283,104,28,0,0,891,2,0,0,0,222,351,0,165,406,0
181,14,55,85,0,26,0,0,0,449,49,238,0,0,0,109,0,0,56,287,9,51,63,0,0,0,0,75,32,25,0,13,17,0,34,54,0,13,52,141,0,92,48,0,11,2,44,0,289,318,0,143,0,397,0,0,83,9,0,28,0,306,0,384,0,124,0,11,0,46,153,74,0,130,323,0,0,99,0,56,0,0,31,29,85,0,116,67,0,103,279,485,0,47,33,283,32,0,0,152,1
182,0,0,0,54,0,0,0,17,143,0,78,0,0,2,296,448,0,214,0,102,34,51,187,0,31,60,0,0,50,0,0,0,0,0,0,7,462,45,11,0,40,20,0,0,0,0,49,4,522,0,590,0,287,0,17,38,4,0,0,0,284,0,90,0,0,0,0,0,29,0,0,401,0,0,0,0,0,78,15,345,191,0,0,0,217,83,1,0,0,292,559,0,11,646,0,55,0,0,476,1
183,0,0,0,0,26,0,0,69,8,0,35,0,0,0,335,472,26,7,0,13,4,44,183,0,0,17,21,0,13,0,0,0,0,0,0,7,0,0,12,0,10,0,0,20,0,0,0,0,76,21,96,0,276,0,0,0,0,0,0,0,287,0,0,0,0,25,0,0,0,0,15,425,0,0,0,0,0,70,20,369,188,0,0,0,244,0,19,22,0,258,595,107,0,51,0,117,0,68,488,0
184,42,12,0,0,0,0,0,24,23,15,49,0,0,11,215,475,23,15,0,42,28,36,213,0,5,0,25,0,56,0,12,0,0,0,0,80,140,0,0,0,2,27,0,147,5,0,47,0,117,16,191,46,271,0,0,0,18,1,0,0,327,0,0,15,30,0,0,0,5,0,0,411,0,15,69,0,0,31,0,271,213,0,0,22,284,0,36,0,0,333,581,0,0,182,0,87,0,65,463,0
185,0,30,28,0,0,0,0,0,463,20,322,0,0,16,390,244,0,24,391,0,14,41,128,0,0,0,46,60,13,0,0,0,0,17,3,11,0,127,96,0,121,13,0,0,0,0,0,38,333,28,116,0,395,42,0,14,0,0,0,0,116,0,360,64,44,56,38,0,0,27,49,205,19,436,0,0,29,77,0,406,113,60,0,146,0,192,76,0,69,238,282,0,70,22,196,174,0,94,312,1
186,54,0,0,0,0,0,0,8,99,0,0,50,0,3,117,297,3,18,27,0,0,2,0,0,0,51,17,0,8,0,11,14,0,0,157,39,0,0,18,0,0,9,0,0,2,49,0,0,393,135,79,22,824,0,0,34,62,5,133,0,119,0,169,0,0,0,125,0,0,22,0,289,27,38,8,0,45,75,25,132,0,0,0,285,408,132,38,0,0,794,0,0,0,0,284,389,0,32,340,0
187,0,4,0,0,38,0,0,0,30,4,0,0,0,0,245,464,31,27,0,0,12,75,201,0,0,0,58,0,21,0,0,0,1,66,0,72,36,0,16,0,0,31,0,39,16,0,0,0,168,0,68,0,289,0,0,0,0,5,0,0,289,0,0,43,0,0,12,0,0,0,0,395,0,0,0,0,0,50,0,264,203,0,0,132,256,0,85,0,0,224,620,38,0,48,0,89,0,7,460,0
188,0,33,0,0,0,0,0,0,43,0,0,0,0,0,157,261,0,0,37,0,0,15,41,0,0,6,0,0,28,0,0,0,0,34,113,40,0,11,0,0,0,0,0,88,22,0,0,0,403,0,152,0,813,0,9,7,0,0,7,0,125,0,130,120,20,0,51,0,0,11,0,276,21,49,42,0,2,69,0,121,63,0,0,283,278,162,24,0,0,810,12,37,0,0,258,367,0,91,376,1
189,0,23,12,0,0,0,0,0,333,24,147,0,0,0,459,276,8,9,209,0,15,60,190,0,0,0,28,9,93,0,0,14,0,0,96,62,70,40,35,26,57,0,0,25,0,22,0,239,393,0,86,0,563,0,123,73,31,18,80,0,136,0,147,97,103,14,0,0,42,282,12,209,87,240,0,0,45,64,28,419,180,9,87,141,32,260,44,0,19,396,382,173,19,65,83,150,0,0,410,1
190,8,0,0,36,25,13,0,0,104,0,0,0,0,0,293,450,0,137,0,52,27,80,204,0,3,0,67,0,49,0,10,0,0,0,0,77,359,0,0,16,35,12,0,0,0,0,28,5,516,0,188,0,414,0,0,52,0,0,0,0,234,0,42,21,50,44,24,0,44,0,0,403,0,0,0,0,0,50,0,276,207,0,0,7,200,128,42,0,0,131,568,0,0,483,0,78,0,285,494,0
191,46,59,55,3,0,73,0,0,502,55,275,5,0,0,315,98,0,21,339,15,18,90,236,0,0,0,14,56,46,0,0,0,4,17,19,11,59,0,70,0,95,13,0,30,0,12,0,77,534,340,171,14,294,33,207,130,0,0,30,128,125,0,413,73,147,27,89,7,9,33,0,86,157,373,0,0,123,95,56,32,230,56,0,190,54,332,20,0,83,179,337,0,66,80,254,259,0,257,319,1
192,0,7,30,1,0,0,0,7,9,8,0,0,0,26,227,506,0,199,0,32,31,106,183,0,29,0,51,0,1,0,0,0,4,71,0,129,334,56,0,72,26,27,0,33,0,0,33,34,326,162,400,0,304,0,0,1,0,0,0,18,285,0,74,41,36,22,88,0,26,0,0,454,0,0,0,0,0,49,0,353,186,0,0,69,278,22,138,0,7,200,595,0,0,561,0,51,0,43,418,0
193,53,0,0,0,0,0,0,0,148,0,0,78,0,111,125,327,35,29,63,20,0,47,23,0,0,0,36,0,58,0,10,0,36,0,171,0,0,86,9,0,0,4,0,19,0,37,0,0,364,255,53,38,829,0,0,29,51,11,111,0,92,0,169,11,5,26,16,0,0,15,0,297,33,73,0,0,52,39,51,120,26,0,0,241,218,159,15,0,0,789,0,60,0,0,210,321,0,0,396,0
194,0,0,0,0,7,0,0,26,9,0,0,0,0,0,266,448,16,0,0,0,0,66,146,0,0,2,0,0,0,0,0,0,0,0,0,19,39,76,0,0,0,0,0,0,0,0,6,0,149,17,136,0,317,0,0,0,0,0,0,0,265,0,0,0,0,12,15,0,0,0,0,395,0,0,0,0,0,62,0,347,150,0,0,0,279,0,30,33,0,193,617,0,0,90,0,85,0,0,489,1
195,27,88,128,0,0,31,0,0,404,91,255,0,0,0,103,0,0,139,338,42,113,27,0,0,0,44,18,73,39,0,0,30,38,0,24,0,84,50,183,0,137,2,0,66,0,48,0,239,430,43,123,0,483,0,35,171,53,0,49,18,223,0,415,0,127,0,130,0,21,141,0,0,195,368,13,14,184,0,27,0,0,73,36,71,0,237,10,0,109,394,540,0,86,130,365,58,17,3,37,1
196,48,88,40,0,68,10,0,0,437,91,370,0,0,0,356,160,18,31,503,0,91,40,195,0,0,15,40,71,141,0,0,0,0,68,31,0,21,28,245,0,159,25,0,0,30,21,0,158,328,26,193,21,308,44,768,85,0,0,0,104,144,0,108,131,179,11,22,0,74,108,0,158,37,549,108,0,58,93,0,23,188,71,32,112,34,171,0,0,171,235,355,156,77,26,277,265,0,36,261,1
197,0,0,0,0,0,0,0,0,30,0,0,0,0,0,156,246,0,29,13,36,0,158,0,0,0,0,91,0,129,0,0,0,0,0,0,0,0,0,0,0,0,30,0,0,26,0,0,0,397,0,148,0,929,0,0,16,0,5,0,0,158,0,42,18,34,46,1,390,0,0,0,248,50,21,22,0,0,69,0,106,0,0,0,255,128,129,33,0,0,929,9,0,0,0,244,309,0,276,312,0
198,0,0,0,79,0,0,0,8,76,0,0,73,0,0,109,339,29,0,19,12,0,144,0,0,0,0,97,0,46,0,0,0,21,0,134,33,0,1,3,0,0,19,0,0,0,36,0,0,348,0,110,0,834,0,0,28,53,8,124,0,103,0,113,17,4,80,37,0,0,26,0,327,6,28,11,0,14,86,54,155,0,0,0,275,419,90,6,0,0,781,0,37,0,0,256,402,0,0,350,0
199,6,0,0,0,0,0,0,0,110,0,0,11,0,0,120,280,28,14,83,0,0,143,212,0,0,0,0,0,102,0,0,0,0,0,0,9,0,0,0,16,0,25,0,153,0,0,0,0,396,50,131,0,860,0,0,21,0,0,0,0,122,0,148,41,0,0,47,7,0,4,0,306,15,97,0,0,0,55,0,89,175,0,0,297,202,113,19,0,0,856,0,118,0,0,226,379,0,0,367,1
