,Estimated_Insects_Count,Crop_Type,Soil_Type,Pesticide_Use_Category,Number_Doses_Week,Number_Weeks_Used,Number_Weeks_Quit,Season,target
0,188,0,0,0,0,0,0,0,0
1,209,0,0,0,0,0,0,1,1
2,257,0,0,0,0,0,0,1,1
3,257,0,1,0,0,0,0,1,1
4,342,0,0,0,0,0,0,1,1
5,448,1,1,0,0,0,0,1,1
6,448,1,1,0,0,0,0,1,1
7,577,0,0,0,0,0,0,0,2
8,731,1,0,0,0,0,0,1,0
9,1132,0,0,0,0,0,0,0,2
10,1212,0,0,0,0,0,0,2,0
11,1575,1,0,0,0,0,0,0,1
12,1575,1,1,0,0,0,0,1,1
13,1575,0,1,0,0,0,0,1,1
14,1575,0,1,0,0,0,0,1,2
15,1785,0,1,0,0,0,0,1,1
16,2138,1,1,0,0,0,0,0,1
17,2401,1,1,0,0,0,0,0,1
18,2401,0,1,0,0,0,0,1,1
19,2401,0,1,0,0,0,0,1,1
20,2999,1,1,0,0,0,0,2,1
21,3516,0,0,0,0,0,0,1,0
22,3895,0,1,0,0,0,0,0,1
23,4096,0,1,0,0,0,0,1,1
24,150,1,0,1,30,26,0,1,0
25,151,1,0,1,40,20,0,0,0
26,150,1,0,1,60,15,0,1,0
27,168,1,1,1,20,14,0,1,0
28,168,1,1,1,20,15,0,1,1
29,188,1,0,1,25,19,0,0,0
30,188,1,1,1,40,24,0,2,0
31,209,1,1,1,20,8,0,2,0
32,232,1,0,1,45,23,0,1,0
33,231,1,1,1,30,25,0,1,0
34,256,1,0,1,20,28,0,2,0
35,257,1,0,1,30,29,0,1,0
36,256,1,0,1,40,29,0,0,0
37,283,1,0,1,25,22,0,0,0
38,283,1,0,1,50,24,0,1,0
39,283,1,1,1,15,24,0,2,0
40,283,1,1,1,45,20,0,0,0
41,312,1,0,1,10,20,0,2,0
42,311,1,0,1,20,25,0,0,0
43,312,1,1,1,15,21,0,1,0
44,312,1,1,1,15,24,0,1,0
45,342,1,0,1,60,28,0,1,0
46,342,1,1,1,40,17,0,2,0
47,375,1,0,1,50,30,0,1,0
48,375,1,1,1,5,22,0,0,0
49,375,1,1,1,20,23,0,1,0
50,375,1,1,1,10,25,0,2,1
51,411,1,0,1,30,35,0,1,0
52,410,1,0,1,50,35,0,1,0
53,410,1,0,1,20,32,0,2,1
54,410,1,1,1,5,24,0,2,0
55,448,1,0,1,5,27,0,0,0
56,448,1,0,1,20,16,0,2,0
57,448,1,0,1,30,24,0,1,0
58,448,1,0,1,35,28,0,0,0
59,448,1,0,1,10,32,0,1,1
60,448,1,0,1,30,32,0,2,1
61,448,1,1,1,20,32,0,1,0
62,448,1,1,1,25,16,0,0,0
63,448,1,1,1,25,21,0,1,0
64,448,1,1,1,40,25,0,0,0
65,448,1,1,1,45,31,0,1,0
66,448,1,1,1,60,31,0,0,0
67,448,1,1,1,70,28,0,2,0
68,488,1,0,1,15,32,0,2,0
69,488,1,0,1,25,27,0,2,0
70,488,1,0,1,30,26,0,1,0
71,488,1,0,1,35,30,0,2,0
72,488,1,0,1,60,33,0,0,0
73,488,1,0,1,10,17,0,0,1
74,488,1,0,1,20,33,0,0,1
75,488,1,1,1,10,33,0,1,0
76,488,1,1,1,20,32,0,1,0
77,489,1,1,1,25,24,0,0,0
78,488,1,1,1,60,32,0,0,1
79,531,1,0,1,5,27,0,0,0
80,531,1,0,1,20,30,0,0,0
81,531,1,0,1,50,30,0,1,0
82,531,1,0,1,20,34,0,0,1
83,531,1,1,1,5,17,0,0,0
84,531,1,1,1,20,33,0,0,0
85,531,1,1,1,60,19,0,1,0
86,577,1,0,1,20,33,0,1,0
87,577,1,0,1,50,33,0,2,0
88,577,1,1,1,30,29,0,1,0
89,577,1,1,1,30,39,0,0,0
90,577,1,1,1,55,33,0,0,0
91,577,1,1,1,60,29,0,0,0
92,577,1,1,1,15,34,0,1,1
93,626,1,0,1,20,38,0,1,0
94,625,1,0,1,30,42,0,2,0
95,625,1,0,1,40,15,0,0,0
96,625,1,0,1,50,40,0,1,0
97,626,1,1,1,5,32,0,0,0
98,625,1,1,1,20,23,0,2,0
99,625,1,1,1,25,32,0,2,0
100,626,1,1,1,80,32,0,1,0
101,626,1,1,1,20,31,0,1,1
102,625,1,1,1,10,33,0,1,1
103,625,1,1,1,30,29,0,0,2
104,677,1,0,1,15,41,0,2,0
105,677,1,0,1,20,41,0,1,0
106,677,1,0,1,50,35,0,1,1
107,677,1,1,1,35,25,0,1,0
108,677,1,1,1,40,31,0,1,0
109,677,1,1,1,50,38,0,1,0
110,732,1,0,1,20,36,0,1,1
111,732,1,0,1,40,31,0,1,1
112,732,1,0,1,50,30,0,1,2
113,731,1,1,1,10,16,0,2,0
114,731,1,1,1,10,34,0,0,0
115,731,1,1,1,60,40,0,1,0
116,732,1,1,1,30,36,0,2,1
117,789,1,0,1,40,44,0,2,0
118,789,1,0,1,50,30,0,1,0
119,790,1,0,1,60,40,0,1,0
120,789,1,0,1,25,34,0,0,1
121,790,1,0,1,20,33,0,1,1
122,789,1,0,1,60,40,0,0,1
123,789,1,1,1,25,27,0,1,0
124,790,1,1,1,40,28,0,0,0
125,789,1,1,1,30,30,0,0,1
126,789,1,1,1,20,32,0,1,1
127,851,1,0,1,20,32,0,2,0
128,851,1,0,1,20,34,0,2,0
129,851,1,0,1,25,42,0,1,0
130,851,1,0,1,60,42,0,0,1
131,851,1,1,1,15,27,0,2,0
132,851,1,1,1,20,21,0,0,0
133,851,1,1,1,20,31,0,1,0
134,851,1,1,1,30,36,0,0,0
135,850,1,1,1,50,36,0,1,0
136,851,1,1,1,55,36,0,1,0
137,851,1,1,1,30,35,0,1,1
138,851,1,1,1,20,34,0,0,1
139,915,1,0,1,50,41,0,2,0
140,915,1,0,1,40,37,0,2,1
141,915,1,0,1,20,37,0,0,1
142,916,1,1,1,20,25,0,0,0
143,915,1,1,1,30,29,0,2,0
144,915,1,1,1,40,34,0,0,0
145,915,1,1,1,40,41,0,1,0
146,915,1,1,1,60,46,0,1,0
147,984,1,0,1,25,30,0,1,0
148,984,1,0,1,25,44,0,1,1
149,984,1,0,1,40,38,0,1,2
150,984,1,1,1,20,28,0,1,0
151,984,1,1,1,25,35,0,1,0
152,984,1,1,1,30,24,0,0,0
153,1056,1,0,1,20,27,0,2,0
154,1056,1,0,1,40,41,0,0,1
155,1056,1,0,1,40,29,0,1,1
156,1056,1,1,1,10,29,0,1,0
157,1056,1,1,1,25,45,0,1,0
158,1056,1,1,1,30,46,0,1,0
159,1056,1,1,1,35,30,0,1,0
160,1056,1,1,1,50,45,0,1,0
161,1056,1,1,1,60,45,0,0,0
162,1056,1,1,1,15,35,0,1,1
163,1056,1,1,1,50,47,0,1,1
164,1056,1,1,1,30,47,0,2,1
165,1056,1,1,1,10,42,0,2,2
166,1056,1,1,1,20,40,0,2,2
167,1056,1,1,1,30,27,0,1,2
168,1132,1,0,1,5,41,0,1,0
169,1132,1,0,1,5,44,0,1,0
170,1132,1,0,1,10,44,0,1,0
171,1132,1,0,1,20,28,0,1,0
172,1132,1,0,1,25,39,0,1,0
173,1132,1,0,1,30,25,0,1,0
174,1132,1,0,1,30,44,0,2,0
175,1132,1,0,1,50,37,0,1,0
176,1132,1,0,1,40,38,0,1,1
177,1132,1,0,1,40,36,0,2,1
178,1132,1,0,1,20,46,0,0,1
179,1132,1,0,1,40,45,0,0,2
180,1132,1,1,1,5,30,0,0,0
181,1132,1,1,1,20,17,0,0,0
182,1132,1,1,1,20,37,0,2,0
183,1132,1,1,1,25,29,0,2,0
184,1132,1,1,1,30,33,0,1,0
185,1132,1,1,1,80,38,0,1,0
186,1132,1,1,1,30,43,0,1,2
187,1212,1,0,1,5,42,0,1,0
188,1212,1,0,1,20,50,0,1,0
189,1212,1,0,1,35,39,0,0,0
190,1212,1,0,1,10,10,0,0,1
191,1212,1,0,1,20,45,0,2,1
192,1212,1,0,1,40,19,0,0,1
193,1212,1,0,1,40,46,0,2,1
194,1212,1,0,1,40,46,0,1,1
195,1212,1,0,1,40,45,0,2,1
196,1212,1,0,1,50,43,0,1,1
197,1212,1,0,1,20,42,0,2,2
198,1212,1,1,1,5,37,0,1,0
199,1212,1,1,1,20,24,0,1,0
200,1212,1,1,1,30,36,0,2,0
201,1212,1,1,1,45,39,0,1,0
202,1212,1,1,1,50,44,0,1,0
203,1212,1,1,1,50,47,0,0,0
204,1212,1,1,1,15,44,0,1,1
205,1212,1,1,1,20,44,0,0,1
206,1212,1,1,1,20,44,0,1,1
207,1212,1,1,1,30,44,0,1,2
208,1296,1,0,1,20,43,0,1,0
209,1297,1,0,1,45,43,0,1,0
210,1296,1,0,1,5,42,0,1,1
211,1296,1,0,1,10,42,0,1,1
212,1297,1,0,1,20,42,0,1,1
213,1296,1,0,1,25,32,0,1,1
214,1296,1,1,1,35,39,0,2,0
215,1296,1,1,1,40,41,0,1,0
216,1296,1,1,1,10,41,0,1,1
217,1385,1,0,1,15,31,0,1,0
218,1385,1,0,1,25,30,0,1,0
219,1385,1,0,1,25,46,0,2,0
220,1385,1,0,1,30,43,0,0,0
221,1385,1,0,1,40,30,0,1,0
222,1385,1,0,1,10,45,0,1,2
223,1385,1,0,1,40,45,0,2,2
224,1385,1,1,1,5,42,0,2,0
225,1385,1,1,1,10,30,0,1,0
226,1385,1,1,1,10,40,0,1,0
227,1385,1,1,1,25,32,0,1,0
228,1385,1,1,1,30,49,0,0,0
229,1385,1,1,1,35,35,0,2,0
230,1385,1,1,1,50,47,0,1,0
231,1385,1,1,1,20,44,0,1,1
232,1385,1,1,1,40,40,0,1,1
233,1385,1,1,1,10,40,0,1,1
234,1478,1,0,1,10,25,0,0,0
235,1478,1,0,1,15,53,0,0,0
236,1478,1,0,1,20,46,0,0,0
237,1478,1,0,1,40,24,0,1,0
238,1478,1,0,1,30,50,0,0,1
239,1478,1,0,1,20,37,0,0,1
240,1478,1,0,1,35,48,0,0,1
241,1478,1,0,1,30,34,0,1,1
242,1478,1,0,1,30,47,0,2,2
243,1478,1,1,1,5,44,0,1,0
244,1478,1,1,1,20,19,0,2,0
245,1478,1,1,1,30,51,0,0,0
246,1478,1,1,1,60,45,0,1,0
247,1478,1,1,1,60,50,0,0,0
248,1478,1,1,1,20,41,0,1,2
249,1576,1,0,1,15,41,0,1,0
250,1576,1,0,1,30,38,0,1,0
251,1576,1,0,1,50,38,0,1,0
252,1576,1,0,1,80,38,0,2,0
253,1576,1,0,1,30,50,0,2,1
254,1576,1,0,1,20,48,0,2,1
255,1576,1,0,1,25,48,0,1,1
256,1575,1,1,1,5,36,0,2,0
257,1576,1,1,1,10,37,0,0,0
258,1576,1,1,1,30,41,0,1,0
259,1576,1,1,1,60,45,0,1,0
260,1576,1,1,1,40,48,0,2,1
261,1678,1,0,1,10,50,0,1,0
262,1678,1,0,1,20,43,0,1,1
263,1678,1,0,1,10,40,0,1,1
264,1678,1,0,1,50,39,0,1,2
265,1678,1,0,1,5,44,0,1,2
266,1678,1,1,1,5,41,0,2,0
267,1678,1,1,1,10,45,0,0,0
268,1678,1,1,1,15,42,0,1,0
269,1678,1,1,1,20,44,0,2,0
270,1678,1,1,1,50,20,0,1,1
271,1785,1,0,1,10,20,0,0,0
272,1786,1,0,1,50,47,0,1,0
273,1785,1,0,1,20,51,0,1,1
274,1786,1,0,1,40,51,0,0,1
275,1785,1,0,1,40,50,0,0,1
276,1786,1,0,1,20,45,0,2,1
277,1786,1,1,1,15,36,0,1,0
278,1785,1,1,1,40,30,0,0,0
279,1785,1,1,1,40,51,0,0,0
280,1785,1,1,1,40,53,0,1,0
281,1786,1,1,1,45,34,0,1,0
282,1785,1,1,1,20,49,0,1,1
283,1785,1,1,1,20,49,0,0,1
284,1898,1,0,1,15,49,0,2,0
285,1898,1,0,1,30,51,0,1,0
286,1898,1,0,1,35,54,0,2,0
287,1898,1,0,1,40,45,0,2,1
288,1898,1,0,1,15,52,0,0,1
289,1898,1,0,1,30,49,0,1,1
290,1898,1,0,1,30,50,0,1,2
291,1898,1,1,1,5,50,0,0,0
292,1898,1,1,1,10,45,0,1,0
293,1898,1,1,1,5,50,0,1,1
294,1898,1,1,1,40,48,0,1,1
295,1898,1,1,1,20,41,0,2,1
296,1898,1,1,1,25,41,0,0,2
297,2015,1,0,1,15,38,0,1,0
298,2015,1,0,1,20,53,0,2,0
299,2015,1,0,1,50,53,0,1,0
300,2015,1,0,1,60,53,0,1,0
301,2016,1,0,1,30,40,0,1,1
302,2016,1,0,1,20,40,0,0,1
303,2016,1,0,1,15,47,0,1,1
304,2015,1,0,1,30,50,0,1,1
305,2016,1,0,1,60,54,0,1,2
306,2015,1,1,1,60,41,0,0,0
307,2016,1,1,1,20,49,0,0,1
308,2015,1,1,1,15,53,0,1,1
309,2016,1,1,1,30,52,0,2,1
310,2015,1,1,1,20,50,0,2,1
311,2015,1,1,1,20,50,0,1,1
312,2015,1,1,1,40,51,0,0,1
313,2139,1,0,1,40,55,0,0,0
314,2138,1,0,1,20,55,0,2,1
315,2138,1,0,1,40,52,0,0,1
316,2138,1,0,1,20,56,0,0,2
317,2139,1,1,1,20,20,0,0,0
318,2139,1,1,1,30,43,0,1,1
319,2267,1,0,1,10,53,0,0,0
320,2267,1,0,1,20,25,0,2,0
321,2267,1,0,1,20,46,0,1,0
322,2267,1,0,1,20,54,0,1,0
323,2267,1,0,1,20,61,0,1,0
324,2267,1,0,1,40,48,0,1,0
325,2267,1,0,1,90,55,0,0,0
326,2267,1,1,1,15,40,0,0,0
327,2267,1,1,1,10,40,0,0,1
328,2402,1,0,1,5,54,0,1,0
329,2401,1,0,1,15,35,0,1,0
330,2401,1,0,1,20,35,0,1,0
331,2401,1,0,1,30,45,0,1,1
332,2401,1,0,1,60,50,0,1,1
333,2401,1,0,1,40,50,0,1,1
334,2402,1,0,1,5,50,0,0,1
335,2402,1,0,1,60,55,0,1,1
336,2401,1,1,1,5,52,0,1,0
337,2401,1,1,1,15,18,0,1,0
338,2402,1,1,1,20,44,0,1,0
339,2402,1,1,1,40,56,0,1,0
340,2542,1,0,1,10,57,0,1,0
341,2541,1,0,1,15,57,0,0,0
342,2542,1,0,1,40,57,0,1,0
343,2541,1,0,1,20,55,0,0,1
344,2541,1,1,1,5,30,0,1,0
345,2541,1,1,1,30,53,0,0,0
346,2542,1,1,1,80,56,0,0,0
347,2542,1,1,1,10,54,0,1,1
348,2541,1,1,1,5,55,0,0,1
349,2688,1,0,1,30,62,0,1,0
350,2688,1,0,1,40,56,0,1,1
351,2688,1,0,1,20,54,0,1,2
352,2687,1,1,1,30,60,0,1,0
353,2687,1,1,1,30,56,0,2,1
354,2688,1,1,1,40,56,0,2,1
355,2688,1,1,1,40,51,0,1,2
356,2840,1,0,1,10,57,0,1,0
357,2840,1,0,1,15,55,0,0,0
358,2840,1,0,1,30,63,0,0,0
359,2840,1,0,1,20,53,0,0,1
360,2840,1,0,1,20,54,0,1,1
361,2840,1,0,1,30,60,0,0,2
362,2840,1,1,1,10,46,0,0,0
363,2999,1,0,1,30,60,0,1,1
364,2999,1,0,1,30,61,0,1,1
365,2999,1,1,1,15,49,0,1,0
366,2999,1,1,1,20,44,0,2,0
367,2999,1,1,1,10,54,0,2,1
368,3164,1,0,1,5,54,0,0,0
369,3165,1,0,1,20,62,0,2,0
370,3165,1,0,1,30,57,0,0,0
371,3165,1,0,1,5,60,0,2,1
372,3164,1,1,1,55,60,0,1,0
373,3336,1,0,1,5,56,0,1,1
374,3337,1,0,1,20,62,0,2,2
375,3337,1,1,1,10,66,0,1,0
376,3337,1,1,1,20,63,0,2,0
377,3337,1,1,1,15,60,0,2,2
378,3516,1,0,1,20,50,0,1,0
379,3516,1,0,1,30,55,0,1,0
380,3516,1,0,1,20,59,0,1,1
381,3702,1,0,1,10,60,0,2,0
382,3702,1,0,1,15,64,0,1,0
383,3702,1,0,1,20,63,0,1,1
384,3896,1,0,1,20,61,0,0,0
385,151,0,0,1,20,25,0,0,0
386,150,0,0,1,30,13,0,1,0
387,151,0,0,1,60,15,0,1,0
388,150,0,1,1,5,13,0,0,0
389,150,0,1,1,20,10,0,2,0
390,150,0,1,1,40,21,0,0,0
391,169,0,1,1,10,21,0,1,0
392,168,0,1,1,20,7,0,2,0
393,188,0,1,1,20,22,0,2,0
394,188,0,1,1,35,25,0,1,0
395,188,0,1,1,40,26,0,2,0
396,188,0,1,1,60,19,0,2,0
397,209,0,0,1,20,17,0,1,0
398,209,0,0,1,30,18,0,1,0
399,209,0,0,1,40,24,0,1,0
400,209,0,1,1,55,21,0,1,0
401,232,0,0,1,30,19,0,2,0
402,232,0,0,1,30,21,0,0,0
403,232,0,0,1,35,22,0,0,0
404,232,0,1,1,5,5,0,0,0
405,232,0,1,1,20,13,0,0,0
406,231,0,1,1,25,20,0,1,0
407,257,0,0,1,15,15,0,2,0
408,283,0,1,1,10,15,0,0,0
409,283,0,1,1,10,24,0,1,0
410,283,0,1,1,20,24,0,1,0
411,283,0,1,1,25,25,0,0,0
412,283,0,1,1,40,19,0,1,0
413,312,0,1,1,5,15,0,2,0
414,311,0,1,1,5,28,0,2,0
415,312,0,1,1,15,25,0,1,0
416,311,0,1,1,20,24,0,1,0
417,311,0,1,1,20,27,0,1,0
418,312,0,1,1,30,18,0,0,0
419,311,0,1,1,45,18,0,1,0
420,312,0,1,1,60,29,0,2,0
421,342,0,0,1,5,23,0,1,0
422,342,0,0,1,40,20,0,0,0
423,342,0,0,1,50,17,0,0,0
424,342,0,1,1,10,30,0,2,0
425,342,0,1,1,20,10,0,1,0
426,342,0,1,1,20,25,0,2,1
427,375,0,0,1,15,15,0,1,0
428,375,0,0,1,15,26,0,1,0
429,375,0,0,1,30,26,0,2,0
430,375,0,0,1,35,24,0,1,0
431,375,0,0,1,35,29,0,2,0
432,375,0,0,1,55,25,0,1,0
433,375,0,1,1,20,13,0,0,0
434,375,0,1,1,25,29,0,1,0
435,411,0,0,1,25,33,0,1,0
436,410,0,0,1,30,28,0,1,0
437,410,0,0,1,20,26,0,0,1
438,410,0,1,1,5,27,0,1,0
439,448,0,0,1,5,22,0,2,0
440,448,0,0,1,5,26,0,1,0
441,448,0,0,1,10,12,0,1,0
442,448,0,0,1,20,12,0,0,0
443,448,0,0,1,20,13,0,1,0
444,448,0,0,1,20,34,0,2,0
445,448,0,0,1,40,34,0,2,0
446,448,0,1,1,50,8,0,2,0
447,448,0,1,1,20,8,0,0,1
448,488,0,0,1,25,28,0,1,0
449,488,0,0,1,10,6,0,1,1
450,489,0,0,1,15,29,0,1,1
451,489,0,0,1,35,31,0,1,1
452,489,0,0,1,10,28,0,1,1
453,488,0,0,1,40,18,0,0,2
454,488,0,1,1,25,33,0,1,0
455,488,0,1,1,25,33,0,1,0
456,488,0,1,1,40,17,0,1,0
457,488,0,1,1,40,37,0,2,0
458,488,0,1,1,40,30,0,2,2
459,531,0,0,1,15,14,0,1,0
460,531,0,0,1,35,29,0,1,0
461,531,0,0,1,50,33,0,2,0
462,531,0,1,1,30,23,0,0,0
463,577,0,0,1,10,29,0,1,0
464,577,0,0,1,35,32,0,1,0
465,577,0,0,1,40,31,0,2,1
466,577,0,0,1,20,31,0,2,2
467,577,0,1,1,5,31,0,1,0
468,577,0,1,1,20,31,0,1,0
469,577,0,1,1,15,31,0,0,1
470,625,0,0,1,5,10,0,0,0
471,626,0,1,1,40,31,0,0,0
472,625,0,1,1,40,21,0,0,0
473,677,0,0,1,30,21,0,2,0
474,677,0,0,1,40,35,0,1,1
475,677,0,1,1,5,35,0,1,0
476,677,0,1,1,15,35,0,1,0
477,677,0,1,1,30,18,0,2,0
478,677,0,1,1,30,25,0,2,0
479,677,0,1,1,45,25,0,1,0
480,677,0,1,1,30,32,0,2,2
481,732,0,0,1,5,18,0,2,0
482,731,0,0,1,5,37,0,1,0
483,732,0,0,1,40,35,0,0,1
484,731,0,0,1,30,38,0,1,1
485,732,0,0,1,25,34,0,2,1
486,731,0,1,1,30,19,0,1,0
487,731,0,1,1,35,36,0,2,0
488,732,0,1,1,60,30,0,1,0
489,789,0,0,1,10,22,0,1,0
490,790,0,0,1,10,37,0,0,0
491,789,0,0,1,25,31,0,0,0
492,789,0,0,1,40,26,0,1,0
493,790,0,0,1,30,34,0,0,1
494,790,0,1,1,10,29,0,1,0
495,789,0,1,1,30,36,0,0,0
496,789,0,1,1,45,34,0,2,0
497,790,0,1,1,60,35,0,0,0
498,789,0,1,1,30,30,0,1,1
499,789,0,1,1,10,31,0,0,1
500,790,0,1,1,20,35,0,1,1
501,851,0,0,1,10,16,0,1,0
502,851,0,0,1,20,24,0,1,0
503,851,0,0,1,20,37,0,2,0
504,851,0,0,1,40,37,0,1,0
505,851,0,1,1,10,5,0,1,0
506,851,0,1,1,15,15,0,1,0
507,850,0,1,1,15,27,0,2,0
508,851,0,1,1,20,22,0,1,0
509,851,0,1,1,25,38,0,1,0
510,851,0,1,1,20,24,0,1,2
511,915,0,0,1,5,22,0,1,0
512,915,0,0,1,10,22,0,1,0
513,916,0,0,1,60,31,0,1,0
514,915,0,0,1,20,17,0,0,1
515,915,0,0,1,20,18,0,1,1
516,916,0,0,1,40,18,0,0,1
517,915,0,0,1,30,40,0,0,2
518,915,0,1,1,15,39,0,2,0
519,915,0,1,1,20,8,0,2,0
520,915,0,1,1,40,40,0,1,0
521,915,0,1,1,20,20,0,1,1
522,915,0,1,1,20,34,0,1,2
523,984,0,0,1,5,8,0,1,0
524,984,0,0,1,20,7,0,1,0
525,984,0,0,1,20,9,0,0,0
526,984,0,0,1,35,43,0,0,0
527,984,0,0,1,35,43,0,0,0
528,984,0,1,1,10,23,0,2,0
529,984,0,1,1,10,38,0,1,0
530,984,0,1,1,15,41,0,1,0
531,984,0,1,1,25,17,0,2,0
532,984,0,1,1,40,37,0,0,0
533,984,0,1,1,50,31,0,2,0
534,1056,0,0,1,30,41,0,0,0
535,1056,0,0,1,40,35,0,2,0
536,1056,0,0,1,45,37,0,0,0
537,1056,0,0,1,15,32,0,1,1
538,1056,0,1,1,5,31,0,1,0
539,1056,0,1,1,15,24,0,1,0
540,1056,0,1,1,20,24,0,1,0
541,1056,0,1,1,40,29,0,2,0
542,1056,0,1,1,40,37,0,1,1
543,1132,0,0,1,20,46,0,1,0
544,1132,0,0,1,30,39,0,0,0
545,1132,0,0,1,20,25,0,1,1
546,1132,0,1,1,10,31,0,1,0
547,1132,0,1,1,15,34,0,2,0
548,1132,0,1,1,35,45,0,1,0
549,1212,0,0,1,5,18,0,0,0
550,1212,0,0,1,10,44,0,2,0
551,1212,0,0,1,15,31,0,2,0
552,1212,0,0,1,15,40,0,0,0
553,1212,0,0,1,20,27,0,2,0
554,1212,0,0,1,40,44,0,1,0
555,1212,0,0,1,40,49,0,1,0
556,1212,0,0,1,25,44,0,1,1
557,1212,0,0,1,25,40,0,0,2
558,1212,0,1,1,10,32,0,1,0
559,1212,0,1,1,15,43,0,1,0
560,1212,0,1,1,20,23,0,0,0
561,1212,0,1,1,60,31,0,1,0
562,1212,0,1,1,20,31,0,1,1
563,1212,0,1,1,40,41,0,2,1
564,1296,0,0,1,5,48,0,0,0
565,1296,0,0,1,20,48,0,1,0
566,1296,0,0,1,30,35,0,2,0
567,1296,0,0,1,30,35,0,1,0
568,1296,0,0,1,10,25,0,2,1
569,1296,0,0,1,15,43,0,2,1
570,1297,0,0,1,20,44,0,0,1
571,1297,0,1,1,10,35,0,0,0
572,1297,0,1,1,15,34,0,0,0
573,1296,0,1,1,30,44,0,1,1
574,1296,0,1,1,40,42,0,1,1
575,1385,0,0,1,15,21,0,1,0
576,1385,0,0,1,15,28,0,0,0
577,1385,0,0,1,15,36,0,2,0
578,1385,0,0,1,20,37,0,1,0
579,1385,0,0,1,25,40,0,1,0
580,1385,0,0,1,30,36,0,1,0
581,1385,0,0,1,40,36,0,1,0
582,1385,0,0,1,30,42,0,1,1
583,1385,0,1,1,5,46,0,0,0
584,1385,0,1,1,10,46,0,1,0
585,1385,0,1,1,20,25,0,0,0
586,1385,0,1,1,30,47,0,2,0
587,1385,0,1,1,50,36,0,0,0
588,1385,0,1,1,5,42,0,1,1
589,1478,0,0,1,20,34,0,1,0
590,1478,0,0,1,25,14,0,2,0
591,1478,0,0,1,40,19,0,1,0
592,1478,0,0,1,20,45,0,0,1
593,1478,0,0,1,30,39,0,2,1
594,1478,0,0,1,5,49,0,1,1
595,1478,0,0,1,20,47,0,0,2
596,1478,0,1,1,5,47,0,0,0
597,1478,0,1,1,10,47,0,0,0
598,1478,0,1,1,30,25,0,1,0
599,1478,0,1,1,30,45,0,1,0
600,1478,0,1,1,50,45,0,1,0
601,1478,0,1,1,40,46,0,2,1
602,1576,0,0,1,15,37,0,0,0
603,1575,0,0,1,20,45,0,1,1
604,1576,0,0,1,25,46,0,1,1
605,1576,0,1,1,15,38,0,1,0
606,1575,0,1,1,15,38,0,2,0
607,1576,0,1,1,20,47,0,0,0
608,1576,0,1,1,40,42,0,0,0
609,1678,0,0,1,25,43,0,1,0
610,1678,0,0,1,10,40,0,1,1
611,1678,0,0,1,10,17,0,2,1
612,1678,0,0,1,25,48,0,1,2
613,1678,0,1,1,15,43,0,1,0
614,1678,0,1,1,40,40,0,2,0
615,1678,0,1,1,40,47,0,1,0
616,1678,0,1,1,40,40,0,1,1
617,1785,0,0,1,5,16,0,1,0
618,1785,0,0,1,10,14,0,1,0
619,1785,0,0,1,15,14,0,2,0
620,1786,0,0,1,20,18,0,2,0
621,1785,0,0,1,30,19,0,2,0
622,1785,0,0,1,35,43,0,1,0
623,1786,0,0,1,40,47,0,1,0
624,1786,0,0,1,20,49,0,0,1
625,1786,0,1,1,10,21,0,1,0
626,1786,0,1,1,20,23,0,0,0
627,1786,0,1,1,20,38,0,0,0
628,1785,0,1,1,30,42,0,2,0
629,1785,0,1,1,40,43,0,2,0
630,1785,0,1,1,30,43,0,1,1
631,1898,0,0,1,25,49,0,2,0
632,1898,0,0,1,40,26,0,2,1
633,1898,0,0,1,15,31,0,0,1
634,1898,0,0,1,20,50,0,2,2
635,1898,0,1,1,5,33,0,0,0
636,1898,0,1,1,15,26,0,1,0
637,1898,0,1,1,15,35,0,0,0
638,1898,0,1,1,20,14,0,1,0
639,1898,0,1,1,40,42,0,1,0
640,2016,0,0,1,5,17,0,0,0
641,2015,0,0,1,10,34,0,0,0
642,2016,0,0,1,20,27,0,1,0
643,2016,0,0,1,10,45,0,1,1
644,2016,0,0,1,15,53,0,1,1
645,2015,0,0,1,25,51,0,2,1
646,2016,0,1,1,5,48,0,1,0
647,2015,0,1,1,30,40,0,0,0
648,2016,0,1,1,30,49,0,0,1
649,2138,0,0,1,30,29,0,1,0
650,2139,0,0,1,20,49,0,2,1
651,2138,0,0,1,20,51,0,1,1
652,2138,0,1,1,5,45,0,0,0
653,2138,0,1,1,10,32,0,0,0
654,2139,0,1,1,15,29,0,1,0
655,2139,0,1,1,20,50,0,2,0
656,2138,0,1,1,25,55,0,1,0
657,2267,0,0,1,10,49,0,0,0
658,2267,0,0,1,20,49,0,0,0
659,2267,0,0,1,40,51,0,1,0
660,2267,0,0,1,20,47,0,0,1
661,2267,0,0,1,40,52,0,0,1
662,2267,0,1,1,5,20,0,0,0
663,2267,0,1,1,10,48,0,0,0
664,2267,0,1,1,20,49,0,2,0
665,2267,0,1,1,25,37,0,1,0
666,2267,0,1,1,20,49,0,0,1
667,2267,0,1,1,10,52,0,0,1
668,2402,0,0,1,10,52,0,1,1
669,2401,0,1,1,20,51,0,1,0
670,2402,0,1,1,20,42,0,2,1
671,2541,0,0,1,5,55,0,0,0
672,2541,0,0,1,10,54,0,2,0
673,2542,0,0,1,20,20,0,1,0
674,2542,0,0,1,20,45,0,0,0
675,2541,0,0,1,20,49,0,1,0
676,2542,0,0,1,10,51,0,1,1
677,2542,0,1,1,15,39,0,2,0
678,2542,0,1,1,30,53,0,2,0
679,2542,0,1,1,20,53,0,1,1
680,2687,0,0,1,5,58,0,1,0
681,2688,0,0,1,15,50,0,0,0
682,2688,0,0,1,20,36,0,1,1
683,2688,0,0,1,5,57,0,1,1
684,2688,0,1,1,10,57,0,0,0
685,2688,0,1,1,15,49,0,1,0
686,2840,0,1,1,40,49,0,1,0
687,2999,0,0,1,20,35,0,0,0
688,2999,0,0,1,20,55,0,0,1
689,2999,0,1,1,40,55,0,0,0
690,3164,0,1,1,10,47,0,0,0
691,3164,0,1,1,10,57,0,0,0
692,3164,0,1,1,20,55,0,0,0
693,3165,0,1,1,20,57,0,0,2
694,3337,0,0,1,10,54,0,1,0
695,3337,0,0,1,20,59,0,2,0
696,3337,0,1,1,15,63,0,1,0
697,3337,0,1,1,25,46,0,2,0
698,3337,0,1,1,40,59,0,1,0
699,3516,0,0,1,15,59,0,1,0
700,3516,0,1,1,10,61,0,2,0
701,3702,0,0,1,20,57,0,1,0
702,3895,0,0,1,5,53,0,2,0
703,3896,0,1,1,20,39,0,0,0
704,3895,0,1,1,20,45,0,1,0
705,4096,0,1,1,10,40,0,2,1
706,4096,0,1,1,15,14,0,0,1
707,169,1,0,2,30,14,1,1,0
708,232,1,0,2,20,14,9,1,0
709,256,1,0,2,20,14,0,1,0
710,312,1,0,2,35,26,1,1,0
711,311,1,0,2,60,20,4,0,0
712,342,1,0,2,5,24,0,1,0
713,342,1,0,2,10,12,13,1,0
714,342,1,0,2,10,26,3,1,0
715,342,1,0,2,20,25,3,1,0
716,375,1,0,2,15,25,1,0,0
717,375,1,0,2,20,10,14,1,0
718,375,1,0,2,25,23,6,0,0
719,375,1,0,2,25,24,3,0,0
720,375,1,0,2,30,24,0,1,0
721,375,1,0,2,30,26,2,1,0
722,375,1,0,2,40,14,12,1,0
723,375,1,0,2,40,20,3,2,0
724,410,1,0,2,5,10,15,1,0
725,411,1,0,2,10,15,13,1,0
726,411,1,0,2,10,30,0,0,0
727,411,1,0,2,20,15,9,1,0
728,410,1,0,2,20,18,10,2,0
729,411,1,0,2,25,14,10,1,0
730,410,1,0,2,35,11,14,1,0
731,411,1,0,2,50,25,4,2,0
732,448,1,0,2,5,23,8,0,0
733,448,1,0,2,10,5,10,0,0
734,448,1,0,2,15,21,11,1,0
735,448,1,0,2,15,22,9,1,0
736,448,1,0,2,15,28,1,0,0
737,448,1,0,2,20,10,11,2,0
738,448,1,0,2,20,15,1,2,0
739,448,1,0,2,20,21,14,0,0
740,448,1,0,2,20,31,1,0,0
741,448,1,0,2,30,10,13,0,0
742,448,1,0,2,30,32,14,1,0
743,448,1,0,2,30,32,0,0,0
744,448,1,0,2,40,14,11,0,0
745,448,1,0,2,40,19,11,2,0
746,448,1,0,2,60,20,7,2,0
747,448,1,0,2,60,20,12,1,0
748,448,1,0,2,45,15,14,2,1
749,488,1,0,2,10,15,9,1,0
750,488,1,0,2,10,20,14,0,0
751,488,1,0,2,15,20,7,2,0
752,488,1,0,2,20,26,5,1,0
753,488,1,0,2,20,27,4,1,0
754,488,1,0,2,20,31,2,0,0
755,488,1,0,2,25,18,9,0,0
756,489,1,0,2,25,27,2,0,0
757,488,1,0,2,30,11,14,1,0
758,488,1,0,2,30,26,6,1,0
759,489,1,0,2,40,16,3,1,0
760,488,1,0,2,40,17,12,1,0
761,488,1,0,2,40,22,12,2,0
762,488,1,0,2,20,9,17,1,1
763,531,1,0,2,5,30,5,0,0
764,531,1,0,2,15,25,13,2,0
765,531,1,0,2,20,16,14,2,0
766,531,1,0,2,20,24,12,0,0
767,531,1,0,2,20,24,12,0,0
768,531,1,0,2,20,25,7,1,0
769,531,1,0,2,30,13,0,1,0
770,531,1,0,2,40,16,18,1,0
771,531,1,0,2,40,25,1,1,0
772,577,1,0,2,5,17,11,2,0
773,577,1,0,2,10,16,4,2,0
774,577,1,0,2,10,18,10,0,0
775,577,1,0,2,10,30,2,1,0
776,577,1,0,2,15,23,12,1,0
777,577,1,0,2,20,17,17,0,0
778,577,1,0,2,20,17,16,2,0
779,577,1,0,2,20,21,9,1,0
780,577,1,0,2,20,33,2,1,0
781,577,1,0,2,20,33,1,1,0
782,577,1,0,2,25,26,5,2,0
783,577,1,0,2,25,26,6,0,0
784,577,1,0,2,30,21,17,1,0
785,577,1,0,2,30,26,1,1,0
786,577,1,0,2,40,21,5,2,0
787,577,1,0,2,40,31,7,0,0
788,577,1,0,2,40,31,5,0,0
789,577,1,0,2,40,23,2,1,0
790,577,1,0,2,50,23,10,0,0
791,577,1,0,2,60,22,12,2,0
792,577,1,0,2,60,27,2,0,0
793,626,1,0,2,5,27,3,2,0
794,626,1,0,2,15,17,15,0,0
795,625,1,0,2,20,20,10,1,0
796,625,1,0,2,20,33,1,1,0
797,625,1,0,2,25,12,12,1,0
798,625,1,0,2,30,11,20,1,0
799,625,1,0,2,30,26,15,2,0
800,625,1,0,2,30,26,9,1,0
801,625,1,0,2,30,38,0,1,0
802,625,1,0,2,40,23,12,1,0
803,626,1,0,2,40,23,12,2,0
804,625,1,0,2,40,31,11,0,0
805,625,1,0,2,50,29,1,1,0
806,625,1,0,2,60,20,10,2,0
807,625,1,0,2,80,20,10,0,0
808,677,1,0,2,10,21,16,1,0
809,677,1,0,2,10,22,9,1,0
810,677,1,0,2,15,15,18,0,0
811,677,1,0,2,15,25,6,1,0
812,677,1,0,2,25,29,4,2,0
813,677,1,0,2,30,20,21,2,0
814,677,1,0,2,30,25,5,2,0
815,677,1,0,2,30,26,8,1,0
816,677,1,0,2,30,26,11,1,0
817,677,1,0,2,30,13,7,0,0
818,677,1,0,2,40,13,21,0,0
819,677,1,0,2,60,17,19,1,2
820,731,1,0,2,10,5,13,1,0
821,732,1,0,2,10,14,11,1,0
822,732,1,0,2,10,26,14,1,0
823,732,1,0,2,15,22,14,0,0
824,731,1,0,2,20,15,22,1,0
825,732,1,0,2,20,16,21,2,0
826,731,1,0,2,20,20,15,1,0
827,731,1,0,2,20,20,20,1,0
828,732,1,0,2,20,24,6,0,0
829,732,1,0,2,20,25,5,1,0
830,731,1,0,2,20,31,3,1,0
831,732,1,0,2,25,15,21,0,0
832,731,1,0,2,25,11,15,1,0
833,732,1,0,2,30,11,9,1,0
834,731,1,0,2,30,20,14,1,0
835,731,1,0,2,40,37,0,0,0
836,731,1,0,2,20,30,10,1,1
837,790,1,0,2,5,25,3,2,0
838,789,1,0,2,10,10,22,2,0
839,790,1,0,2,10,22,15,1,0
840,789,1,0,2,10,26,9,0,0
841,790,1,0,2,15,12,22,1,0
842,789,1,0,2,15,29,13,0,0
843,789,1,0,2,20,29,9,2,0
844,790,1,0,2,25,24,13,1,0
845,789,1,0,2,25,27,14,2,0
846,789,1,0,2,30,18,18,0,0
847,789,1,0,2,30,30,11,1,0
848,789,1,0,2,30,38,6,1,0
849,789,1,0,2,40,11,17,1,0
850,789,1,0,2,40,24,15,0,0
851,790,1,0,2,40,31,8,2,0
852,790,1,0,2,40,32,6,2,0
853,789,1,0,2,60,15,22,0,0
854,789,1,0,2,60,25,11,2,0
855,790,1,0,2,80,31,4,0,0
856,789,1,0,2,90,14,19,0,0
857,850,1,0,2,20,16,9,1,0
858,851,1,0,2,30,22,17,1,0
859,850,1,0,2,10,18,24,2,0
860,851,1,0,2,10,30,10,1,0
861,850,1,0,2,20,24,5,0,0
862,850,1,0,2,20,33,2,0,0
863,851,1,0,2,20,36,4,1,0
864,851,1,0,2,30,31,9,1,0
865,851,1,0,2,30,36,1,0,0
866,851,1,0,2,40,22,18,1,0
867,851,1,0,2,40,30,8,1,0
868,851,1,0,2,40,38,6,1,0
869,851,1,0,2,45,39,2,1,0
870,851,1,0,2,50,16,22,1,0
871,851,1,0,2,20,27,9,1,1
872,851,1,0,2,15,30,14,1,1
873,916,1,0,2,5,30,10,1,0
874,916,1,0,2,10,34,1,0,0
875,916,1,0,2,10,37,0,2,0
876,916,1,0,2,15,18,19,1,0
877,915,1,0,2,15,12,0,2,0
878,915,1,0,2,20,12,21,0,0
879,915,1,0,2,20,14,23,0,0
880,915,1,0,2,20,25,17,1,0
881,916,1,0,2,30,25,1,2,0
882,915,1,0,2,30,25,14,2,0
883,915,1,0,2,30,26,14,1,0
884,915,1,0,2,30,39,2,0,0
885,916,1,0,2,40,30,5,1,0
886,915,1,0,2,40,37,4,1,0
887,916,1,0,2,40,41,3,2,0
888,915,1,0,2,50,20,21,2,0
889,915,1,0,2,50,25,0,2,0
890,916,1,0,2,50,31,5,0,0
891,915,1,0,2,60,30,7,1,0
892,916,1,0,2,60,36,4,2,1
893,984,1,0,2,10,15,22,1,0
894,984,1,0,2,15,24,7,0,0
895,984,1,0,2,20,14,24,1,0
896,984,1,0,2,20,20,7,1,0
897,984,1,0,2,20,20,22,2,0
898,984,1,0,2,20,22,6,1,0
899,984,1,0,2,20,38,2,1,0
900,984,1,0,2,20,38,3,2,0
901,984,1,0,2,25,38,2,1,0
902,984,1,0,2,30,35,1,0,0
903,984,1,0,2,40,15,17,0,0
904,984,1,0,2,40,20,15,2,0
905,984,1,0,2,40,25,15,0,0
906,984,1,0,2,50,34,6,2,0
907,984,1,0,2,50,36,2,0,0
908,984,1,0,2,60,33,19,0,0
909,984,1,0,2,60,33,8,1,0
910,984,1,0,2,70,26,12,1,0
911,984,1,0,2,80,22,21,0,0
912,984,1,0,2,20,37,1,0,1
913,1056,1,0,2,10,15,3,2,0
914,1056,1,0,2,10,16,23,1,0
915,1056,1,0,2,10,30,7,1,0
916,1056,1,0,2,15,14,22,1,0
917,1056,1,0,2,15,19,22,2,0
918,1056,1,0,2,15,20,19,1,0
919,1056,1,0,2,20,9,15,0,0
920,1056,1,0,2,20,18,23,0,0
921,1056,1,0,2,20,19,18,0,0
922,1056,1,0,2,20,20,7,1,0
923,1056,1,0,2,20,22,8,0,0
924,1056,1,0,2,20,27,9,1,0
925,1056,1,0,2,20,29,20,1,0
926,1056,1,0,2,20,31,13,0,0
927,1056,1,0,2,20,32,17,1,0
928,1056,1,0,2,20,34,7,1,0
929,1056,1,0,2,20,39,0,1,0
930,1056,1,0,2,25,10,27,1,0
931,1056,1,0,2,25,14,14,1,0
932,1056,1,0,2,35,14,25,1,0
933,1056,1,0,2,35,24,17,0,0
934,1056,1,0,2,35,29,8,0,0
935,1056,1,0,2,40,20,20,1,0
936,1056,1,0,2,40,34,15,1,0
937,1056,1,0,2,40,34,6,0,0
938,1056,1,0,2,50,18,22,0,0
939,1056,1,0,2,50,25,20,0,0
940,1056,1,0,2,60,17,0,0,0
941,1056,1,0,2,20,17,22,1,1
942,1056,1,0,2,30,34,5,1,1
943,1056,1,0,2,20,20,9,1,1
944,1056,1,0,2,40,22,2,0,2
945,1132,1,0,2,40,22,15,1,0
946,1132,1,0,2,10,22,20,1,0
947,1132,1,0,2,10,35,11,2,0
948,1132,1,0,2,15,20,17,2,0
949,1132,1,0,2,15,28,5,2,0
950,1132,1,0,2,15,11,18,1,0
951,1132,1,0,2,20,11,27,0,0
952,1132,1,0,2,20,16,23,1,0
953,1132,1,0,2,20,18,25,2,0
954,1132,1,0,2,20,23,20,2,0
955,1132,1,0,2,20,25,12,1,0
956,1132,1,0,2,20,25,18,1,0
957,1132,1,0,2,20,28,13,0,0
958,1132,1,0,2,20,29,16,0,0
959,1132,1,0,2,20,29,17,0,0
960,1132,1,0,2,20,32,6,0,0
961,1132,1,0,2,20,39,4,2,0
962,1132,1,0,2,20,40,8,2,0
963,1132,1,0,2,20,41,3,2,0
964,1132,1,0,2,25,21,19,1,0
965,1132,1,0,2,25,28,14,1,0
966,1132,1,0,2,25,45,2,1,0
967,1132,1,0,2,30,17,23,0,0
968,1132,1,0,2,30,18,20,0,0
969,1132,1,0,2,30,27,10,1,0
970,1132,1,0,2,40,25,8,0,0
971,1132,1,0,2,40,33,8,1,0
972,1132,1,0,2,40,37,6,1,0
973,1132,1,0,2,40,38,1,1,0
974,1132,1,0,2,40,38,2,2,0
975,1132,1,0,2,45,30,13,0,0
976,1132,1,0,2,50,23,14,2,0
977,1132,1,0,2,60,23,14,0,0
978,1132,1,0,2,80,20,20,1,0
979,1132,1,0,2,40,37,5,1,1
980,1132,1,0,2,30,13,9,1,2
981,1212,1,0,2,5,13,19,1,0
982,1212,1,0,2,5,18,15,1,0
983,1212,1,0,2,5,20,20,0,0
984,1212,1,0,2,5,23,14,2,0
985,1212,1,0,2,10,43,12,2,0
986,1212,1,0,2,10,43,1,0,0
987,1212,1,0,2,15,22,20,1,0
988,1212,1,0,2,15,36,5,0,0
989,1212,1,0,2,20,31,19,2,0
990,1212,1,0,2,20,31,17,1,0
991,1212,1,0,2,25,30,11,0,0
992,1212,1,0,2,30,38,27,1,0
993,1212,1,0,2,30,38,2,1,0
994,1212,1,0,2,35,26,14,1,0
995,1212,1,0,2,40,28,15,1,0
996,1212,1,0,2,60,16,22,0,0
997,1212,1,0,2,60,26,6,1,0
998,1212,1,0,2,80,26,14,1,0
999,1212,1,0,2,40,23,15,1,1
1000,1212,1,0,2,30,28,15,1,1
1001,1296,1,0,2,20,20,23,1,0
1002,1297,1,0,2,5,36,13,2,0
1003,1297,1,0,2,5,38,5,1,0
1004,1297,1,0,2,10,30,15,1,0
1005,1296,1,0,2,10,48,2,1,0
1006,1296,1,0,2,15,25,20,1,0
1007,1296,1,0,2,15,35,2,1,0
1008,1297,1,0,2,20,20,28,1,0
1009,1296,1,0,2,20,30,9,1,0
1010,1296,1,0,2,20,31,12,1,0
1011,1297,1,0,2,20,50,2,2,0
1012,1297,1,0,2,30,22,21,1,0
1013,1296,1,0,2,30,34,10,1,0
1014,1297,1,0,2,40,34,5,0,0
1015,1297,1,0,2,50,40,7,1,0
1016,1297,1,0,2,60,20,20,1,0
1017,1296,1,0,2,80,41,4,1,0
1018,1297,1,0,2,30,25,15,0,1
1019,1296,1,0,2,80,36,10,0,1
1020,1385,1,0,2,5,24,10,0,0
1021,1385,1,0,2,10,24,22,1,0
1022,1385,1,0,2,10,40,0,1,0
1023,1385,1,0,2,15,14,26,1,0
1024,1385,1,0,2,15,20,23,1,0
1025,1385,1,0,2,15,30,21,1,0
1026,1385,1,0,2,15,33,13,0,0
1027,1385,1,0,2,15,37,2,0,0
1028,1385,1,0,2,20,15,6,2,0
1029,1385,1,0,2,20,16,29,0,0
1030,1385,1,0,2,20,23,20,1,0
1031,1385,1,0,2,20,24,16,0,0
1032,1385,1,0,2,20,26,19,1,0
1033,1385,1,0,2,20,30,13,1,0
1034,1385,1,0,2,20,31,15,0,0
1035,1385,1,0,2,20,37,8,1,0
1036,1385,1,0,2,25,12,29,1,0
1037,1385,1,0,2,25,24,21,1,0
1038,1385,1,0,2,30,26,13,1,0
1039,1385,1,0,2,40,26,13,1,0
1040,1385,1,0,2,40,28,8,0,0
1041,1385,1,0,2,40,29,16,1,0
1042,1385,1,0,2,40,15,13,0,0
1043,1385,1,0,2,50,15,21,0,0
1044,1385,1,0,2,50,27,1,0,0
1045,1385,1,0,2,60,38,10,1,0
1046,1385,1,0,2,20,23,3,1,1
1047,1385,1,0,2,30,24,19,1,1
1048,1385,1,0,2,45,37,6,1,1
1049,1385,1,0,2,20,37,13,1,1
1050,1385,1,0,2,20,47,1,1,1
1051,1478,1,0,2,5,15,12,1,0
1052,1478,1,0,2,10,14,30,2,0
1053,1478,1,0,2,10,28,22,0,0
1054,1478,1,0,2,10,34,12,1,0
1055,1478,1,0,2,15,30,15,1,0
1056,1478,1,0,2,20,8,29,2,0
1057,1478,1,0,2,20,17,23,0,0
1058,1478,1,0,2,20,18,25,2,0
1059,1478,1,0,2,20,41,7,1,0
1060,1478,1,0,2,20,29,4,2,0
1061,1478,1,0,2,25,29,11,1,0
1062,1478,1,0,2,30,33,4,1,0
1063,1478,1,0,2,30,39,9,1,0
1064,1478,1,0,2,40,31,12,0,0
1065,1478,1,0,2,45,30,15,1,0
1066,1478,1,0,2,20,22,22,2,1
1067,1478,1,0,2,30,21,4,1,2
1068,1575,1,0,2,10,21,31,1,0
1069,1576,1,0,2,10,21,27,0,0
1070,1575,1,0,2,15,16,33,0,0
1071,1576,1,0,2,15,28,15,1,0
1072,1575,1,0,2,15,37,14,1,0
1073,1575,1,0,2,20,33,8,0,0
1074,1576,1,0,2,20,40,7,1,0
1075,1575,1,0,2,25,39,8,1,0
1076,1575,1,0,2,30,29,10,0,0
1077,1575,1,0,2,40,10,32,2,0
1078,1575,1,0,2,40,33,18,2,0
1079,1576,1,0,2,40,37,10,1,0
1080,1576,1,0,2,40,23,3,1,0
1081,1575,1,0,2,60,23,20,1,0
1082,1576,1,0,2,10,20,23,1,1
1083,1576,1,0,2,30,41,16,2,1
1084,1575,1,0,2,20,41,6,1,1
1085,1678,1,0,2,20,13,28,1,0
1086,1678,1,0,2,20,28,12,1,0
1087,1678,1,0,2,20,28,21,1,0
1088,1678,1,0,2,20,28,24,0,0
1089,1678,1,0,2,20,29,21,1,0
1090,1678,1,0,2,20,34,15,0,0
1091,1678,1,0,2,30,20,1,1,0
1092,1678,1,0,2,40,20,6,2,0
1093,1678,1,0,2,40,27,17,1,0
1094,1678,1,0,2,40,37,5,2,0
1095,1678,1,0,2,40,40,2,2,0
1096,1678,1,0,2,50,34,10,0,0
1097,1678,1,0,2,80,39,17,2,0
1098,1678,1,0,2,40,15,29,1,1
1099,1678,1,0,2,15,15,24,0,1
1100,1678,1,0,2,10,15,29,1,1
1101,1678,1,0,2,5,26,23,2,1
1102,1678,1,0,2,20,34,10,0,1
1103,1786,1,0,2,10,30,25,1,0
1104,1785,1,0,2,10,31,20,2,0
1105,1785,1,0,2,10,47,7,1,0
1106,1786,1,0,2,10,47,22,1,0
1107,1785,1,0,2,10,47,3,2,0
1108,1786,1,0,2,15,14,32,1,0
1109,1786,1,0,2,15,28,22,2,0
1110,1785,1,0,2,15,32,13,1,0
1111,1785,1,0,2,20,26,20,1,0
1112,1785,1,0,2,20,36,10,2,0
1113,1785,1,0,2,20,36,16,0,0
1114,1785,1,0,2,20,37,12,2,0
1115,1785,1,0,2,20,43,4,0,0
1116,1786,1,0,2,20,44,3,0,0
1117,1785,1,0,2,20,45,4,0,0
1118,1785,1,0,2,30,18,25,2,0
1119,1785,1,0,2,30,26,15,0,0
1120,1785,1,0,2,30,29,20,2,0
1121,1786,1,0,2,30,28,4,0,0
1122,1785,1,0,2,40,28,12,1,0
1123,1785,1,0,2,40,40,6,2,0
1124,1785,1,0,2,40,40,8,1,0
1125,1785,1,0,2,40,46,1,0,0
1126,1785,1,0,2,50,50,4,1,0
1127,1786,1,0,2,5,49,6,1,1
1128,1785,1,0,2,30,39,10,1,1
1129,1786,1,0,2,60,45,5,2,1
1130,1785,1,0,2,40,30,20,2,1
1131,1785,1,0,2,40,49,6,1,1
1132,1785,1,0,2,60,41,10,0,1
1133,1898,1,0,2,10,26,22,0,0
1134,1898,1,0,2,15,32,14,1,0
1135,1898,1,0,2,15,36,10,0,0
1136,1898,1,0,2,20,10,26,0,0
1137,1898,1,0,2,20,20,28,0,0
1138,1898,1,0,2,20,25,28,1,0
1139,1898,1,0,2,20,31,16,1,0
1140,1898,1,0,2,20,32,16,1,0
1141,1898,1,0,2,20,41,5,2,0
1142,1898,1,0,2,20,43,10,1,0
1143,1898,1,0,2,20,52,5,0,0
1144,1898,1,0,2,30,20,26,0,0
1145,1898,1,0,2,30,22,28,0,0
1146,1898,1,0,2,30,33,13,1,0
1147,1898,1,0,2,40,40,6,1,0
1148,1898,1,0,2,40,40,15,0,0
1149,1898,1,0,2,40,48,6,1,0
1150,1898,1,0,2,40,18,4,1,0
1151,1898,1,0,2,20,18,36,1,1
1152,1898,1,0,2,20,40,6,2,1
1153,1898,1,0,2,40,44,5,0,1
1154,1898,1,0,2,40,24,26,1,1
1155,2015,1,0,2,5,20,25,0,0
1156,2016,1,0,2,10,28,30,0,0
1157,2016,1,0,2,10,28,23,1,0
1158,2015,1,0,2,10,39,9,0,0
1159,2016,1,0,2,10,45,10,2,0
1160,2016,1,0,2,20,17,17,2,0
1161,2015,1,0,2,20,32,21,0,0
1162,2015,1,0,2,20,33,20,0,0
1163,2015,1,0,2,20,40,15,2,0
1164,2015,1,0,2,20,41,12,1,0
1165,2016,1,0,2,20,49,4,1,0
1166,2016,1,0,2,25,19,30,2,0
1167,2015,1,0,2,30,40,6,2,0
1168,2016,1,0,2,30,40,10,1,0
1169,2016,1,0,2,30,41,15,1,0
1170,2015,1,0,2,30,45,0,2,0
1171,2016,1,0,2,30,45,2,1,0
1172,2015,1,0,2,40,20,22,0,0
1173,2015,1,0,2,40,36,11,0,0
1174,2015,1,0,2,50,42,10,0,0
1175,2015,1,0,2,20,39,10,1,1
1176,2016,1,0,2,20,48,5,1,1
1177,2015,1,0,2,10,29,17,0,1
1178,2016,1,0,2,40,34,15,2,2
1179,2138,1,0,2,40,36,20,0,0
1180,2139,1,0,2,5,10,36,1,0
1181,2138,1,0,2,5,23,28,0,0
1182,2138,1,0,2,10,14,26,1,0
1183,2138,1,0,2,10,14,37,0,0
1184,2139,1,0,2,10,31,15,1,0
1185,2138,1,0,2,10,40,8,2,0
1186,2138,1,0,2,10,42,8,1,0
1187,2138,1,0,2,20,12,30,0,0
1188,2138,1,0,2,20,15,33,0,0
1189,2139,1,0,2,20,22,30,2,0
1190,2138,1,0,2,20,31,19,1,0
1191,2138,1,0,2,20,35,1,0,0
1192,2138,1,0,2,20,42,13,1,0
1193,2139,1,0,2,20,43,12,0,0
1194,2139,1,0,2,30,32,19,1,0
1195,2138,1,0,2,30,34,10,1,0
1196,2139,1,0,2,30,38,14,0,0
1197,2139,1,0,2,40,20,12,1,0
1198,2139,1,0,2,60,50,4,1,0
1199,2139,1,0,2,35,41,9,1,1
1200,2138,1,0,2,10,20,12,0,1
1201,2139,1,0,2,15,41,7,0,1
1202,2267,1,0,2,15,40,7,0,0
1203,2267,1,0,2,20,31,24,0,0
1204,2267,1,0,2,50,24,29,2,0
1205,2267,1,0,2,5,34,14,1,0
1206,2267,1,0,2,10,11,34,0,0
1207,2267,1,0,2,10,20,31,0,0
1208,2267,1,0,2,15,30,19,0,0
1209,2267,1,0,2,15,34,15,1,0
1210,2267,1,0,2,15,54,0,1,0
1211,2267,1,0,2,20,14,15,1,0
1212,2267,1,0,2,20,14,39,1,0
1213,2267,1,0,2,20,15,34,2,0
1214,2267,1,0,2,20,26,26,1,0
1215,2267,1,0,2,20,33,14,2,0
1216,2267,1,0,2,20,33,19,1,0
1217,2267,1,0,2,20,34,9,1,0
1218,2267,1,0,2,20,35,14,0,0
1219,2267,1,0,2,20,44,7,1,0
1220,2267,1,0,2,20,44,5,1,0
1221,2267,1,0,2,20,55,0,2,0
1222,2267,1,0,2,25,19,28,0,0
1223,2267,1,0,2,30,31,24,0,0
1224,2267,1,0,2,30,40,18,1,0
1225,2267,1,0,2,30,40,9,2,0
1226,2267,1,0,2,40,45,30,0,0
1227,2267,1,0,2,40,45,9,0,0
1228,2267,1,0,2,40,45,6,0,0
1229,2267,1,0,2,60,28,26,1,0
1230,2267,1,0,2,30,25,19,2,1
1231,2267,1,0,2,20,25,19,0,1
1232,2267,1,0,2,15,45,14,2,1
1233,2401,1,0,2,5,5,33,0,0
1234,2402,1,0,2,5,26,22,0,0
1235,2402,1,0,2,10,8,30,0,0
1236,2402,1,0,2,15,20,25,0,0
1237,2401,1,0,2,20,24,31,1,0
1238,2401,1,0,2,20,24,25,0,0
1239,2402,1,0,2,20,31,21,0,0
1240,2401,1,0,2,20,38,7,0,0
1241,2401,1,0,2,25,44,5,2,0
1242,2401,1,0,2,30,52,2,2,0
1243,2401,1,0,2,35,34,15,1,0
1244,2401,1,0,2,10,46,10,0,1
1245,2401,1,0,2,20,40,7,0,1
1246,2402,1,0,2,20,43,11,1,1
1247,2541,1,0,2,5,20,36,0,0
1248,2541,1,0,2,10,33,14,1,0
1249,2542,1,0,2,10,34,15,2,0
1250,2542,1,0,2,15,34,21,1,0
1251,2542,1,0,2,20,20,29,1,0
1252,2541,1,0,2,20,35,24,1,0
1253,2542,1,0,2,20,43,8,2,0
1254,2542,1,0,2,20,45,16,0,0
1255,2542,1,0,2,20,48,9,1,0
1256,2542,1,0,2,20,55,4,1,0
1257,2541,1,0,2,30,26,29,2,0
1258,2542,1,0,2,30,36,21,1,0
1259,2542,1,0,2,30,37,16,2,0
1260,2542,1,0,2,30,47,6,2,0
1261,2541,1,0,2,40,22,31,1,0
1262,2541,1,0,2,40,34,19,1,0
1263,2542,1,0,2,40,50,0,0,0
1264,2541,1,0,2,50,51,4,2,0
1265,2542,1,0,2,35,40,37,2,1
1266,2541,1,0,2,50,40,14,1,1
1267,2688,1,0,2,10,44,17,1,0
1268,2688,1,0,2,15,36,10,2,0
1269,2688,1,0,2,20,29,24,1,0
1270,2688,1,0,2,20,39,25,0,0
1271,2688,1,0,2,20,44,13,1,0
1272,2688,1,0,2,30,38,17,0,0
1273,2687,1,0,2,35,60,33,0,0
1274,2688,1,0,2,40,60,31,2,0
1275,2687,1,0,2,40,60,2,0,0
1276,2688,1,0,2,15,52,5,1,1
1277,2688,1,0,2,10,28,27,1,1
1278,2688,1,0,2,20,29,25,0,1
1279,2840,1,0,2,5,33,15,1,0
1280,2840,1,0,2,20,25,11,1,0
1281,2840,1,0,2,20,31,24,1,0
1282,2840,1,0,2,20,32,21,1,0
1283,2840,1,0,2,20,35,18,1,0
1284,2840,1,0,2,40,27,30,0,0
1285,2840,1,0,2,40,41,0,1,0
1286,2840,1,0,2,50,41,20,0,0
1287,2840,1,0,2,40,36,17,2,1
1288,2840,1,0,2,20,55,4,2,1
1289,2840,1,0,2,40,15,13,1,1
1290,2999,1,0,2,5,10,24,1,0
1291,2999,1,0,2,10,10,44,1,0
1292,2999,1,0,2,20,14,26,0,0
1293,2999,1,0,2,40,23,34,1,0
1294,2999,1,0,2,60,48,14,0,0
1295,3165,1,0,2,5,55,12,0,0
1296,3164,1,0,2,15,21,37,0,0
1297,3165,1,0,2,15,26,31,1,0
1298,3164,1,0,2,15,37,20,2,0
1299,3164,1,0,2,20,23,37,1,0
1300,3164,1,0,2,20,30,33,1,0
1301,3164,1,0,2,20,35,20,0,0
1302,3164,1,0,2,20,52,5,1,0
1303,3165,1,0,2,30,47,12,0,0
1304,3164,1,0,2,20,40,15,2,1
1305,3165,1,0,2,50,55,5,1,1
1306,3165,1,0,2,60,42,13,1,1
1307,3337,1,0,2,10,18,41,1,0
1308,3337,1,0,2,10,37,25,0,0
1309,3337,1,0,2,20,21,35,1,0
1310,3337,1,0,2,20,49,24,0,0
1311,3337,1,0,2,40,49,8,1,0
1312,3337,1,0,2,20,30,30,1,1
1313,3337,1,0,2,15,21,37,2,1
1314,3336,1,0,2,20,46,16,1,1
1315,3336,1,0,2,60,50,14,0,1
1316,3337,1,0,2,10,51,3,1,1
1317,3516,1,0,2,5,20,22,1,0
1318,3516,1,0,2,5,40,12,0,0
1319,3516,1,0,2,20,54,26,0,0
1320,3515,1,0,2,60,54,11,0,0
1321,3516,1,0,2,30,38,19,0,1
1322,3515,1,0,2,5,48,15,0,1
1323,3516,1,0,2,10,17,29,2,1
1324,3516,1,0,2,60,10,47,1,1
1325,3516,1,0,2,10,45,17,1,1
1326,3516,1,0,2,25,9,46,1,1
1327,3516,1,0,2,20,50,13,1,2
1328,3702,1,0,2,50,48,20,1,0
1329,3702,1,0,2,10,10,47,0,0
1330,3702,1,0,2,20,28,25,0,0
1331,3702,1,0,2,20,34,23,2,0
1332,3702,1,0,2,30,35,18,2,0
1333,3702,1,0,2,20,50,13,1,1
1334,3702,1,0,2,40,44,20,1,1
1335,3702,1,0,2,10,32,32,1,1
1336,3702,1,0,2,20,37,21,0,1
1337,3702,1,0,2,40,24,40,1,1
1338,3702,1,0,2,40,30,27,1,1
1339,3702,1,0,2,30,56,12,1,2
1340,3702,1,0,2,30,52,10,1,2
1341,3895,1,0,2,15,39,23,0,0
1342,3895,1,0,2,20,48,14,1,0
1343,3895,1,0,2,40,35,27,1,0
1344,3895,1,0,2,40,40,12,0,0
1345,3895,1,0,2,20,40,27,0,1
1346,3895,1,0,2,40,51,9,1,1
1347,3896,1,0,2,20,20,42,2,1
1348,4096,1,0,2,20,31,31,1,0
1349,4096,1,0,2,20,41,23,1,1
1350,151,1,1,2,30,12,2,1,0
1351,150,1,1,2,30,12,5,2,0
1352,169,1,1,2,20,16,0,0,0
1353,168,1,1,2,30,15,1,1,0
1354,168,1,1,2,40,8,6,1,0
1355,169,1,1,2,70,22,0,0,0
1356,188,1,1,2,20,20,2,2,0
1357,188,1,1,2,35,15,4,1,0
1358,188,1,1,2,40,17,2,0,0
1359,209,1,1,2,30,18,2,1,0
1360,232,1,1,2,5,10,4,0,0
1361,232,1,1,2,15,10,9,0,0
1362,232,1,1,2,20,10,4,1,0
1363,231,1,1,2,20,14,9,1,0
1364,231,1,1,2,20,21,2,2,0
1365,232,1,1,2,30,11,7,1,0
1366,232,1,1,2,15,21,8,1,1
1367,256,1,1,2,5,21,5,0,0
1368,256,1,1,2,25,17,5,0,0
1369,257,1,1,2,40,19,0,0,0
1370,256,1,1,2,40,20,5,0,0
1371,283,1,1,2,15,15,9,0,0
1372,283,1,1,2,20,25,1,0,0
1373,283,1,1,2,40,22,5,2,0
1374,283,1,1,2,40,26,5,1,0
1375,312,1,1,2,20,14,9,1,0
1376,312,1,1,2,20,20,10,1,0
1377,312,1,1,2,30,16,2,0,0
1378,342,1,1,2,10,10,13,0,0
1379,342,1,1,2,10,15,6,2,0
1380,342,1,1,2,10,20,7,0,0
1381,342,1,1,2,20,8,13,1,0
1382,342,1,1,2,20,19,3,1,0
1383,342,1,1,2,20,28,1,0,0
1384,342,1,1,2,30,17,10,1,0
1385,342,1,1,2,40,18,5,1,0
1386,375,1,1,2,5,17,7,2,0
1387,375,1,1,2,20,13,2,0,0
1388,375,1,1,2,20,15,11,0,0
1389,375,1,1,2,20,22,1,2,0
1390,375,1,1,2,20,26,1,0,0
1391,375,1,1,2,25,25,4,1,0
1392,410,1,1,2,30,25,6,0,0
1393,411,1,1,2,10,25,15,0,0
1394,411,1,1,2,10,25,1,2,0
1395,410,1,1,2,15,25,6,1,0
1396,411,1,1,2,20,11,15,2,0
1397,411,1,1,2,25,20,8,0,0
1398,410,1,1,2,25,22,1,0,0
1399,410,1,1,2,30,23,6,0,0
1400,410,1,1,2,30,26,3,1,0
1401,410,1,1,2,30,26,7,0,0
1402,410,1,1,2,35,18,2,2,0
1403,411,1,1,2,45,29,2,0,0
1404,410,1,1,2,55,31,0,1,0
1405,411,1,1,2,70,25,0,1,0
1406,410,1,1,2,90,25,5,0,0
1407,448,1,1,2,10,7,3,2,0
1408,448,1,1,2,15,16,11,1,0
1409,448,1,1,2,15,30,0,1,0
1410,448,1,1,2,20,12,4,0,0
1411,448,1,1,2,20,14,11,2,0
1412,448,1,1,2,20,17,7,0,0
1413,448,1,1,2,20,19,12,1,0
1414,448,1,1,2,20,21,7,1,0
1415,448,1,1,2,25,17,11,1,0
1416,448,1,1,2,25,25,7,2,0
1417,448,1,1,2,30,23,5,1,0
1418,448,1,1,2,30,5,2,0,0
1419,448,1,1,2,35,5,7,1,0
1420,448,1,1,2,40,5,6,2,0
1421,448,1,1,2,40,9,13,1,0
1422,448,1,1,2,40,25,6,2,0
1423,448,1,1,2,40,26,6,2,0
1424,448,1,1,2,50,21,2,1,0
1425,448,1,1,2,55,26,7,2,0
1426,448,1,1,2,60,25,13,0,0
1427,488,1,1,2,5,25,5,0,0
1428,488,1,1,2,10,15,12,0,0
1429,488,1,1,2,10,19,13,1,0
1430,488,1,1,2,20,17,16,1,0
1431,488,1,1,2,20,27,10,1,0
1432,488,1,1,2,20,27,0,0,0
1433,488,1,1,2,20,27,5,2,0
1434,488,1,1,2,25,14,8,1,0
1435,488,1,1,2,25,22,8,2,0
1436,488,1,1,2,30,29,3,0,0
1437,488,1,1,2,40,20,2,1,0
1438,489,1,1,2,40,28,9,1,0
1439,488,1,1,2,40,28,4,0,0
1440,488,1,1,2,45,11,10,1,0
1441,488,1,1,2,50,21,9,2,0
1442,489,1,1,2,50,21,11,0,0
1443,488,1,1,2,80,24,7,0,0
1444,531,1,1,2,20,24,13,0,0
1445,531,1,1,2,5,12,10,1,0
1446,531,1,1,2,5,20,6,2,0
1447,531,1,1,2,10,20,13,1,0
1448,531,1,1,2,20,17,5,1,0
1449,531,1,1,2,25,17,14,0,0
1450,531,1,1,2,25,24,6,0,0
1451,531,1,1,2,25,24,10,1,0
1452,531,1,1,2,30,20,3,0,0
1453,531,1,1,2,40,18,6,1,0
1454,531,1,1,2,40,18,18,0,0
1455,531,1,1,2,40,18,11,0,0
1456,531,1,1,2,70,19,6,0,0
1457,531,1,1,2,80,8,5,1,0
1458,577,1,1,2,5,10,19,1,0
1459,577,1,1,2,5,21,19,0,0
1460,577,1,1,2,10,10,11,2,0
1461,577,1,1,2,10,21,10,1,0
1462,577,1,1,2,10,21,11,0,0
1463,577,1,1,2,10,28,4,0,0
1464,577,1,1,2,15,7,17,0,0
1465,577,1,1,2,15,14,14,1,0
1466,577,1,1,2,15,15,18,2,0
1467,577,1,1,2,15,17,14,1,0
1468,577,1,1,2,15,24,11,1,0
1469,577,1,1,2,15,24,7,1,0
1470,577,1,1,2,15,32,7,1,0
1471,577,1,1,2,20,13,14,0,0
1472,577,1,1,2,20,17,4,1,0
1473,577,1,1,2,20,19,3,1,0
1474,577,1,1,2,20,22,6,0,0
1475,577,1,1,2,20,24,6,1,0
1476,577,1,1,2,20,30,4,0,0
1477,577,1,1,2,30,26,9,0,0
1478,577,1,1,2,35,26,7,1,0
1479,577,1,1,2,40,11,4,2,0
1480,577,1,1,2,40,15,16,1,0
1481,577,1,1,2,40,20,10,2,0
1482,577,1,1,2,40,22,12,1,0
1483,577,1,1,2,40,23,7,1,0
1484,577,1,1,2,40,29,2,2,0
1485,577,1,1,2,40,35,3,1,0
1486,577,1,1,2,40,35,6,2,0
1487,577,1,1,2,50,32,2,1,0
1488,577,1,1,2,60,24,14,1,0
1489,577,1,1,2,90,33,2,1,0
1490,626,1,1,2,30,19,17,1,0
1491,626,1,1,2,5,12,16,2,0
1492,626,1,1,2,5,22,5,1,0
1493,626,1,1,2,15,10,16,0,0
1494,625,1,1,2,15,12,10,1,0
1495,625,1,1,2,15,29,2,2,0
1496,625,1,1,2,20,12,8,0,0
1497,625,1,1,2,20,12,17,0,0
1498,625,1,1,2,20,20,12,2,0
1499,625,1,1,2,20,21,14,1,0
1500,625,1,1,2,20,25,2,0,0
1501,625,1,1,2,20,28,4,1,0
1502,625,1,1,2,20,28,12,1,0
1503,625,1,1,2,20,32,2,1,0
1504,626,1,1,2,25,16,12,1,0
1505,626,1,1,2,25,17,14,0,0
1506,625,1,1,2,30,10,10,2,0
1507,625,1,1,2,30,14,14,1,0
1508,626,1,1,2,30,28,12,1,0
1509,626,1,1,2,30,28,1,1,0
1510,625,1,1,2,30,28,10,1,0
1511,625,1,1,2,40,12,17,2,0
1512,625,1,1,2,40,16,6,1,0
1513,625,1,1,2,40,20,12,1,0
1514,626,1,1,2,50,17,8,0,0
1515,625,1,1,2,50,17,0,2,0
1516,625,1,1,2,60,17,15,0,0
1517,626,1,1,2,60,17,16,2,0
1518,626,1,1,2,60,19,9,1,0
1519,626,1,1,2,60,19,13,1,0
1520,626,1,1,2,60,21,15,2,0
1521,626,1,1,2,60,24,14,1,0
1522,625,1,1,2,60,26,2,1,0
1523,625,1,1,2,85,33,2,1,0
1524,677,1,1,2,5,10,21,0,0
1525,677,1,1,2,10,5,18,1,0
1526,677,1,1,2,10,13,10,1,0
1527,677,1,1,2,10,16,18,1,0
1528,677,1,1,2,10,16,6,1,0
1529,677,1,1,2,10,19,13,0,0
1530,677,1,1,2,10,16,11,1,0
1531,677,1,1,2,15,16,14,0,0
1532,677,1,1,2,15,27,5,1,0
1533,677,1,1,2,20,11,16,2,0
1534,677,1,1,2,20,15,11,2,0
1535,677,1,1,2,20,15,3,1,0
1536,677,1,1,2,20,20,10,0,0
1537,677,1,1,2,20,30,5,0,0
1538,677,1,1,2,25,11,21,0,0
1539,677,1,1,2,25,21,14,0,0
1540,677,1,1,2,25,25,1,0,0
1541,677,1,1,2,25,31,0,2,0
1542,677,1,1,2,30,17,17,1,0
1543,677,1,1,2,30,24,7,1,0
1544,677,1,1,2,30,31,2,0,0
1545,677,1,1,2,30,20,0,1,0
1546,677,1,1,2,35,20,18,2,0
1547,677,1,1,2,35,23,12,0,0
1548,677,1,1,2,40,38,6,1,0
1549,677,1,1,2,40,38,1,1,0
1550,677,1,1,2,45,19,16,2,0
1551,677,1,1,2,45,26,9,1,0
1552,677,1,1,2,50,25,7,1,0
1553,677,1,1,2,50,25,12,2,0
1554,677,1,1,2,50,29,4,1,0
1555,677,1,1,2,60,26,9,0,0
1556,677,1,1,2,60,35,6,1,0
1557,732,1,1,2,40,26,12,1,0
1558,732,1,1,2,10,5,22,1,0
1559,732,1,1,2,10,28,15,1,0
1560,731,1,1,2,10,28,8,1,0
1561,732,1,1,2,15,17,19,0,0
1562,732,1,1,2,15,23,4,2,0
1563,731,1,1,2,15,26,10,0,0
1564,731,1,1,2,20,14,17,0,0
1565,731,1,1,2,20,20,8,1,0
1566,732,1,1,2,20,24,7,0,0
1567,731,1,1,2,20,24,14,0,0
1568,731,1,1,2,20,25,10,0,0
1569,732,1,1,2,20,26,13,1,0
1570,732,1,1,2,20,32,2,1,0
1571,732,1,1,2,20,40,1,1,0
1572,732,1,1,2,25,19,17,1,0
1573,731,1,1,2,30,10,21,0,0
1574,732,1,1,2,30,22,14,1,0
1575,732,1,1,2,30,23,13,1,0
1576,731,1,1,2,30,28,8,0,0
1577,731,1,1,2,30,30,2,1,0
1578,731,1,1,2,40,10,16,2,0
1579,731,1,1,2,40,13,16,1,0
1580,731,1,1,2,40,18,14,2,0
1581,732,1,1,2,40,20,5,1,0
1582,731,1,1,2,40,25,12,0,0
1583,731,1,1,2,40,26,6,1,0
1584,732,1,1,2,40,34,4,0,0
1585,731,1,1,2,50,15,20,1,0
1586,732,1,1,2,50,28,7,1,0
1587,731,1,1,2,60,22,0,1,0
1588,731,1,1,2,60,32,4,1,0
1589,732,1,1,2,80,38,3,1,0
1590,731,1,1,2,20,20,7,1,1
1591,789,1,1,2,10,10,17,1,0
1592,789,1,1,2,10,19,14,0,0
1593,790,1,1,2,10,19,13,0,0
1594,790,1,1,2,15,13,19,1,0
1595,790,1,1,2,15,21,18,2,0
1596,790,1,1,2,20,18,7,1,0
1597,789,1,1,2,20,20,7,1,0
1598,789,1,1,2,20,22,9,1,0
1599,789,1,1,2,20,23,8,1,0
1600,790,1,1,2,20,25,9,0,0
1601,789,1,1,2,20,30,10,2,0
1602,790,1,1,2,25,19,21,0,0
1603,789,1,1,2,25,19,16,2,0
1604,790,1,1,2,30,27,6,1,0
1605,789,1,1,2,30,30,1,0,0
1606,789,1,1,2,30,31,4,2,0
1607,789,1,1,2,35,25,10,1,0
1608,790,1,1,2,40,12,21,2,0
1609,790,1,1,2,50,18,13,1,0
1610,789,1,1,2,50,33,4,0,0
1611,789,1,1,2,60,22,16,0,0
1612,789,1,1,2,60,34,2,2,0
1613,790,1,1,2,60,34,4,1,0
1614,789,1,1,2,65,28,6,1,0
1615,851,1,1,2,5,19,17,1,0
1616,851,1,1,2,5,40,4,1,0
1617,851,1,1,2,10,30,3,2,0
1618,851,1,1,2,15,12,24,1,0
1619,851,1,1,2,20,14,19,1,0
1620,851,1,1,2,20,14,18,1,0
1621,851,1,1,2,20,16,21,1,0
1622,851,1,1,2,20,18,12,1,0
1623,851,1,1,2,20,18,18,1,0
1624,851,1,1,2,20,20,9,2,0
1625,851,1,1,2,20,22,14,1,0
1626,851,1,1,2,20,22,11,1,0
1627,851,1,1,2,20,24,10,1,0
1628,851,1,1,2,20,38,1,0,0
1629,851,1,1,2,25,14,20,1,0
1630,850,1,1,2,25,15,21,2,0
1631,851,1,1,2,25,22,14,2,0
1632,851,1,1,2,25,30,5,0,0
1633,851,1,1,2,25,35,4,2,0
1634,850,1,1,2,30,12,23,1,0
1635,851,1,1,2,30,19,9,0,0
1636,851,1,1,2,30,20,18,1,0
1637,851,1,1,2,30,22,16,2,0
1638,851,1,1,2,30,24,16,1,0
1639,851,1,1,2,30,27,7,2,0
1640,850,1,1,2,30,34,6,0,0
1641,850,1,1,2,35,25,12,2,0
1642,851,1,1,2,40,7,24,0,0
1643,851,1,1,2,40,15,21,0,0
1644,851,1,1,2,40,25,14,1,0
1645,851,1,1,2,40,26,7,2,0
1646,851,1,1,2,40,27,6,0,0
1647,851,1,1,2,40,30,11,0,0
1648,851,1,1,2,60,6,24,0,0
1649,851,1,1,2,60,23,23,2,0
1650,851,1,1,2,60,23,16,0,0
1651,851,1,1,2,60,31,7,0,0
1652,851,1,1,2,85,28,5,1,0
1653,850,1,1,2,25,26,10,0,1
1654,915,1,1,2,80,31,6,2,0
1655,915,1,1,2,5,17,13,1,0
1656,916,1,1,2,10,10,24,1,0
1657,915,1,1,2,10,10,15,2,0
1658,915,1,1,2,10,25,9,1,0
1659,915,1,1,2,10,29,12,2,0
1660,916,1,1,2,15,12,18,1,0
1661,916,1,1,2,15,12,23,1,0
1662,915,1,1,2,15,15,20,2,0
1663,916,1,1,2,15,17,19,0,0
1664,915,1,1,2,20,14,20,2,0
1665,915,1,1,2,20,14,21,1,0
1666,915,1,1,2,20,23,11,2,0
1667,915,1,1,2,20,23,17,1,0
1668,915,1,1,2,20,24,13,0,0
1669,915,1,1,2,20,31,4,1,0
1670,916,1,1,2,20,38,0,1,0
1671,915,1,1,2,20,16,3,1,0
1672,915,1,1,2,25,16,1,1,0
1673,915,1,1,2,25,30,0,2,0
1674,915,1,1,2,25,30,6,1,0
1675,916,1,1,2,25,34,2,0,0
1676,915,1,1,2,25,37,5,1,0
1677,915,1,1,2,30,10,10,1,0
1678,915,1,1,2,30,37,9,1,0
1679,915,1,1,2,30,37,2,1,0
1680,915,1,1,2,30,37,3,1,0
1681,915,1,1,2,35,34,2,1,0
1682,916,1,1,2,40,8,23,0,0
1683,915,1,1,2,40,11,24,2,0
1684,915,1,1,2,40,36,1,1,0
1685,915,1,1,2,40,36,2,1,0
1686,915,1,1,2,40,38,1,1,0
1687,915,1,1,2,45,17,20,1,0
1688,915,1,1,2,45,23,17,1,0
1689,915,1,1,2,45,25,10,0,0
1690,915,1,1,2,60,19,18,2,0
1691,916,1,1,2,60,33,8,2,0
1692,916,1,1,2,60,36,3,0,0
1693,915,1,1,2,70,32,7,0,0
1694,916,1,1,2,10,20,20,0,1
1695,916,1,1,2,40,32,3,1,1
1696,916,1,1,2,40,23,12,0,1
1697,984,1,1,2,30,18,22,1,0
1698,984,1,1,2,45,19,21,0,0
1699,984,1,1,2,60,20,16,1,0
1700,984,1,1,2,5,10,11,0,0
1701,984,1,1,2,5,15,20,1,0
1702,984,1,1,2,10,10,26,1,0
1703,984,1,1,2,15,9,26,0,0
1704,984,1,1,2,15,21,8,0,0
1705,984,1,1,2,15,40,1,1,0
1706,984,1,1,2,20,19,15,2,0
1707,984,1,1,2,20,24,13,2,0
1708,984,1,1,2,20,25,17,1,0
1709,984,1,1,2,20,26,12,2,0
1710,984,1,1,2,20,29,12,1,0
1711,984,1,1,2,20,30,6,2,0
1712,984,1,1,2,20,33,1,1,0
1713,984,1,1,2,25,32,10,2,0
1714,984,1,1,2,30,20,18,1,0
1715,984,1,1,2,30,20,20,2,0
1716,984,1,1,2,30,33,4,0,0
1717,984,1,1,2,30,35,4,1,0
1718,984,1,1,2,30,37,3,1,0
1719,984,1,1,2,30,38,1,0,0
1720,984,1,1,2,30,38,3,2,0
1721,984,1,1,2,35,19,12,2,0
1722,984,1,1,2,35,19,20,1,0
1723,984,1,1,2,35,24,14,0,0
1724,984,1,1,2,40,7,23,2,0
1725,984,1,1,2,40,10,22,0,0
1726,984,1,1,2,40,17,24,1,0
1727,984,1,1,2,40,30,14,2,0
1728,984,1,1,2,40,30,2,1,0
1729,984,1,1,2,40,30,7,1,0
1730,984,1,1,2,40,39,0,0,0
1731,984,1,1,2,50,30,10,1,0
1732,984,1,1,2,60,30,10,1,0
1733,984,1,1,2,40,31,11,0,1
1734,984,1,1,2,20,21,14,1,1
1735,984,1,1,2,40,31,3,1,1
1736,984,1,1,2,30,21,17,1,1
1737,984,1,1,2,25,28,11,0,2
1738,1056,1,1,2,15,12,27,0,0
1739,1056,1,1,2,40,20,17,1,0
1740,1056,1,1,2,10,22,15,0,0
1741,1056,1,1,2,10,38,3,2,0
1742,1056,1,1,2,10,25,0,2,0
1743,1056,1,1,2,15,25,16,0,0
1744,1056,1,1,2,20,8,27,1,0
1745,1056,1,1,2,20,17,20,2,0
1746,1056,1,1,2,20,21,9,1,0
1747,1056,1,1,2,20,22,10,1,0
1748,1056,1,1,2,20,30,4,1,0
1749,1056,1,1,2,20,40,1,1,0
1750,1056,1,1,2,25,16,27,1,0
1751,1056,1,1,2,25,43,2,0,0
1752,1056,1,1,2,30,21,16,2,0
1753,1056,1,1,2,30,22,15,1,0
1754,1056,1,1,2,30,29,8,1,0
1755,1056,1,1,2,30,29,18,0,0
1756,1056,1,1,2,30,30,11,1,0
1757,1056,1,1,2,30,32,5,0,0
1758,1056,1,1,2,30,38,5,2,0
1759,1056,1,1,2,30,16,0,1,0
1760,1056,1,1,2,40,16,17,0,0
1761,1056,1,1,2,40,17,20,0,0
1762,1056,1,1,2,40,19,20,1,0
1763,1056,1,1,2,40,28,6,0,0
1764,1056,1,1,2,45,25,14,1,0
1765,1056,1,1,2,45,39,3,2,0
1766,1056,1,1,2,50,30,14,0,0
1767,1056,1,1,2,60,22,15,2,0
1768,1056,1,1,2,60,40,1,0,0
1769,1056,1,1,2,20,5,25,0,1
1770,1132,1,1,2,30,10,18,1,0
1771,1132,1,1,2,5,10,8,0,0
1772,1132,1,1,2,5,20,20,1,0
1773,1132,1,1,2,10,5,23,0,0
1774,1132,1,1,2,10,15,19,2,0
1775,1132,1,1,2,10,13,18,1,0
1776,1132,1,1,2,15,13,10,1,0
1777,1132,1,1,2,15,19,18,1,0
1778,1132,1,1,2,20,10,18,1,0
1779,1132,1,1,2,20,10,23,2,0
1780,1132,1,1,2,20,10,26,1,0
1781,1132,1,1,2,20,19,23,0,0
1782,1132,1,1,2,20,20,10,2,0
1783,1132,1,1,2,20,23,18,1,0
1784,1132,1,1,2,20,26,15,1,0
1785,1132,1,1,2,25,20,20,1,0
1786,1132,1,1,2,30,22,15,1,0
1787,1132,1,1,2,30,30,0,0,0
1788,1132,1,1,2,30,30,13,0,0
1789,1132,1,1,2,40,7,26,0,0
1790,1132,1,1,2,40,12,28,0,0
1791,1132,1,1,2,40,12,28,0,0
1792,1132,1,1,2,40,14,28,0,0
1793,1132,1,1,2,40,25,20,1,0
1794,1132,1,1,2,40,40,0,0,0
1795,1132,1,1,2,40,40,2,1,0
1796,1132,1,1,2,45,17,20,1,0
1797,1132,1,1,2,50,11,27,1,0
1798,1132,1,1,2,50,23,16,2,0
1799,1132,1,1,2,50,35,4,0,0
1800,1132,1,1,2,50,38,2,2,0
1801,1132,1,1,2,60,34,12,1,0
1802,1132,1,1,2,50,34,15,0,1
1803,1132,1,1,2,40,34,8,1,1
1804,1132,1,1,2,20,30,12,1,1
1805,1132,1,1,2,20,19,19,0,1
1806,1132,1,1,2,50,29,13,0,1
1807,1132,1,1,2,35,28,12,1,2
1808,1212,1,1,2,20,25,19,0,0
1809,1212,1,1,2,5,42,2,1,0
1810,1212,1,1,2,10,20,21,2,0
1811,1212,1,1,2,10,20,1,0,0
1812,1212,1,1,2,15,40,6,2,0
1813,1212,1,1,2,20,20,16,1,0
1814,1212,1,1,2,20,22,20,2,0
1815,1212,1,1,2,20,26,10,0,0
1816,1212,1,1,2,20,34,6,2,0
1817,1212,1,1,2,20,35,9,1,0
1818,1212,1,1,2,20,40,3,0,0
1819,1212,1,1,2,25,29,9,1,0
1820,1212,1,1,2,25,30,6,1,0
1821,1212,1,1,2,25,41,4,1,0
1822,1212,1,1,2,30,20,19,1,0
1823,1212,1,1,2,30,23,13,1,0
1824,1212,1,1,2,30,36,6,0,0
1825,1212,1,1,2,30,39,4,1,0
1826,1212,1,1,2,30,39,6,1,0
1827,1212,1,1,2,30,40,3,1,0
1828,1212,1,1,2,30,43,2,1,0
1829,1212,1,1,2,40,20,18,0,0
1830,1212,1,1,2,40,26,11,1,0
1831,1212,1,1,2,40,33,1,0,0
1832,1212,1,1,2,50,17,24,1,0
1833,1212,1,1,2,50,29,14,1,0
1834,1212,1,1,2,60,14,29,2,0
1835,1212,1,1,2,60,26,1,1,0
1836,1212,1,1,2,60,38,7,1,0
1837,1212,1,1,2,10,30,9,1,1
1838,1212,1,1,2,40,40,6,1,1
1839,1297,1,1,2,10,7,28,0,0
1840,1297,1,1,2,10,9,26,1,0
1841,1296,1,1,2,10,20,21,2,0
1842,1296,1,1,2,10,28,20,2,0
1843,1297,1,1,2,10,39,1,1,0
1844,1296,1,1,2,10,40,1,0,0
1845,1297,1,1,2,10,16,4,2,0
1846,1297,1,1,2,15,16,4,0,0
1847,1296,1,1,2,15,26,15,1,0
1848,1297,1,1,2,20,6,28,1,0
1849,1296,1,1,2,20,16,8,1,0
1850,1296,1,1,2,20,30,12,0,0
1851,1296,1,1,2,20,30,1,1,0
1852,1296,1,1,2,20,32,10,0,0
1853,1296,1,1,2,20,33,15,1,0
1854,1296,1,1,2,20,35,5,1,0
1855,1297,1,1,2,20,35,8,2,0
1856,1296,1,1,2,20,36,2,2,0
1857,1297,1,1,2,20,36,5,1,0
1858,1296,1,1,2,25,40,1,1,0
1859,1297,1,1,2,30,8,30,1,0
1860,1296,1,1,2,30,26,22,0,0
1861,1296,1,1,2,40,30,7,2,0
1862,1296,1,1,2,40,37,7,1,0
1863,1297,1,1,2,40,38,10,0,0
1864,1296,1,1,2,50,31,10,1,0
1865,1296,1,1,2,55,18,22,0,0
1866,1297,1,1,2,60,37,8,0,0
1867,1296,1,1,2,65,25,16,0,0
1868,1296,1,1,2,80,33,6,1,0
1869,1296,1,1,2,20,22,20,1,1
1870,1296,1,1,2,20,28,14,1,1
1871,1297,1,1,2,50,15,28,0,1
1872,1385,1,1,2,5,26,14,0,0
1873,1385,1,1,2,5,27,16,1,0
1874,1385,1,1,2,10,13,30,2,0
1875,1385,1,1,2,10,30,17,2,0
1876,1385,1,1,2,15,18,29,1,0
1877,1385,1,1,2,15,25,16,2,0
1878,1385,1,1,2,15,26,14,1,0
1879,1385,1,1,2,20,20,29,1,0
1880,1385,1,1,2,20,25,24,1,0
1881,1385,1,1,2,20,27,20,1,0
1882,1385,1,1,2,20,28,3,1,0
1883,1385,1,1,2,20,36,13,2,0
1884,1385,1,1,2,20,36,2,1,0
1885,1385,1,1,2,20,36,10,0,0
1886,1385,1,1,2,20,40,6,2,0
1887,1385,1,1,2,25,12,31,1,0
1888,1385,1,1,2,25,28,14,0,0
1889,1385,1,1,2,30,10,30,1,0
1890,1385,1,1,2,30,20,15,1,0
1891,1385,1,1,2,30,43,6,1,0
1892,1385,1,1,2,40,10,17,1,0
1893,1385,1,1,2,40,12,28,2,0
1894,1385,1,1,2,40,14,28,0,0
1895,1385,1,1,2,40,28,19,0,0
1896,1385,1,1,2,40,28,20,1,0
1897,1385,1,1,2,40,30,15,1,0
1898,1385,1,1,2,40,30,13,0,0
1899,1385,1,1,2,40,34,9,1,0
1900,1385,1,1,2,40,38,3,0,0
1901,1385,1,1,2,45,26,19,0,0
1902,1385,1,1,2,45,29,14,1,0
1903,1385,1,1,2,50,35,16,2,0
1904,1385,1,1,2,60,30,15,0,0
1905,1385,1,1,2,60,34,5,1,1
1906,1385,1,1,2,15,25,19,0,1
1907,1478,1,1,2,5,15,17,1,0
1908,1478,1,1,2,10,17,20,1,0
1909,1478,1,1,2,10,17,32,1,0
1910,1478,1,1,2,10,40,1,0,0
1911,1478,1,1,2,10,45,2,1,0
1912,1478,1,1,2,15,25,15,1,0
1913,1478,1,1,2,15,43,2,0,0
1914,1478,1,1,2,20,10,22,0,0
1915,1478,1,1,2,20,13,31,1,0
1916,1478,1,1,2,20,21,25,1,0
1917,1478,1,1,2,20,22,17,0,0
1918,1478,1,1,2,20,26,18,2,0
1919,1478,1,1,2,20,39,12,1,0
1920,1478,1,1,2,20,39,14,0,0
1921,1478,1,1,2,30,17,13,2,0
1922,1478,1,1,2,30,18,26,1,0
1923,1478,1,1,2,30,20,12,1,0
1924,1478,1,1,2,30,29,15,1,0
1925,1478,1,1,2,30,37,8,2,0
1926,1478,1,1,2,30,42,3,0,0
1927,1478,1,1,2,40,19,27,0,0
1928,1478,1,1,2,40,24,18,0,0
1929,1478,1,1,2,40,34,16,0,0
1930,1478,1,1,2,40,34,13,1,0
1931,1478,1,1,2,40,35,10,0,0
1932,1478,1,1,2,40,38,5,1,0
1933,1478,1,1,2,45,23,19,0,0
1934,1478,1,1,2,45,27,20,2,0
1935,1478,1,1,2,50,25,16,0,0
1936,1478,1,1,2,50,32,13,1,0
1937,1478,1,1,2,55,19,14,2,0
1938,1478,1,1,2,60,36,6,1,0
1939,1478,1,1,2,60,44,5,1,0
1940,1478,1,1,2,20,24,19,2,1
1941,1478,1,1,2,40,29,22,1,1
1942,1478,1,1,2,70,29,11,1,1
1943,1478,1,1,2,20,16,21,2,1
1944,1576,1,1,2,20,16,29,2,0
1945,1575,1,1,2,5,18,24,1,0
1946,1576,1,1,2,10,30,19,1,0
1947,1576,1,1,2,10,32,12,0,0
1948,1576,1,1,2,15,13,28,2,0
1949,1575,1,1,2,15,38,3,0,0
1950,1576,1,1,2,20,12,26,1,0
1951,1576,1,1,2,20,14,30,2,0
1952,1576,1,1,2,20,19,22,1,0
1953,1576,1,1,2,20,22,24,2,0
1954,1575,1,1,2,20,38,24,0,0
1955,1576,1,1,2,20,38,3,2,0
1956,1576,1,1,2,20,38,6,0,0
1957,1575,1,1,2,20,43,15,0,0
1958,1576,1,1,2,20,43,4,0,0
1959,1575,1,1,2,20,46,7,2,0
1960,1576,1,1,2,30,30,16,1,0
1961,1576,1,1,2,35,31,13,2,0
1962,1576,1,1,2,40,20,30,0,0
1963,1575,1,1,2,40,48,1,1,0
1964,1575,1,1,2,45,30,15,1,0
1965,1576,1,1,2,60,18,23,0,0
1966,1576,1,1,2,60,35,11,0,1
1967,1678,1,1,2,5,15,31,2,0
1968,1678,1,1,2,10,9,29,1,0
1969,1678,1,1,2,10,37,32,1,0
1970,1678,1,1,2,15,37,27,2,0
1971,1678,1,1,2,15,37,0,2,0
1972,1678,1,1,2,20,28,24,2,0
1973,1678,1,1,2,20,30,8,1,0
1974,1678,1,1,2,20,31,16,0,0
1975,1678,1,1,2,20,37,10,1,0
1976,1678,1,1,2,30,20,18,1,0
1977,1678,1,1,2,30,22,18,0,0
1978,1678,1,1,2,30,25,22,0,0
1979,1678,1,1,2,30,33,11,0,0
1980,1678,1,1,2,30,34,14,0,0
1981,1678,1,1,2,35,30,9,1,0
1982,1678,1,1,2,35,38,2,1,0
1983,1678,1,1,2,40,14,34,2,0
1984,1678,1,1,2,40,24,26,0,0
1985,1678,1,1,2,40,36,9,1,0
1986,1678,1,1,2,40,36,11,0,0
1987,1678,1,1,2,40,37,15,1,0
1988,1678,1,1,2,60,9,11,1,0
1989,1678,1,1,2,60,33,10,0,0
1990,1678,1,1,2,60,42,7,1,0
1991,1678,1,1,2,15,35,14,2,1
1992,1678,1,1,2,20,35,14,1,1
1993,1678,1,1,2,10,20,26,2,1
1994,1678,1,1,2,30,35,14,1,1
1995,1678,1,1,2,35,38,15,2,1
1996,1785,1,1,2,5,38,10,1,0
1997,1785,1,1,2,10,29,16,0,0
1998,1786,1,1,2,10,35,14,1,0
1999,1785,1,1,2,10,35,15,0,0
