Season,Crop_Type,Number_Doses_Week,Pesticide_Use_Category,Number_Weeks_Quit,Estimated_Insects_Count,Soil_Type,Number_Weeks_Used,assoc
209,0,0,0,0,0,0,1,1
257,0,0,0,0,0,0,1,1
257,0,1,0,0,0,0,1,1
342,0,0,0,0,0,0,1,1
448,1,1,0,0,0,0,1,1
448,1,1,0,0,0,0,1,1
577,0,0,0,0,0,0,0,1
731,1,0,0,0,0,0,1,1
1132,0,0,0,0,0,0,0,1
1212,0,0,0,0,0,0,2,1
1575,1,0,0,0,0,0,0,1
1575,1,1,0,0,0,0,1,1
1575,0,1,0,0,0,0,1,1
1575,0,1,0,0,0,0,1,1
1785,0,1,0,0,0,0,1,1
2138,1,1,0,0,0,0,0,1
2401,1,1,0,0,0,0,0,1
2401,0,1,0,0,0,0,1,1
2401,0,1,0,0,0,0,1,1
2999,1,1,0,0,0,0,2,1
3516,0,0,0,0,0,0,1,1
3895,0,1,0,0,0,0,0,1
4096,0,1,0,0,0,0,1,1
150,1,0,1,30,26,0,1,1
151,1,0,1,40,20,0,0,1
150,1,0,1,60,15,0,1,1
168,1,1,1,20,14,0,1,1
168,1,1,1,20,15,0,1,1
188,1,0,1,25,19,0,0,1
188,1,1,1,40,24,0,2,1
209,1,1,1,20,8,0,2,1
232,1,0,1,45,23,0,1,1
231,1,1,1,30,25,0,1,1
256,1,0,1,20,28,0,2,1
257,1,0,1,30,29,0,1,1
256,1,0,1,40,29,0,0,1
283,1,0,1,25,22,0,0,1
283,1,0,1,50,24,0,1,1
283,1,1,1,15,24,0,2,1
283,1,1,1,45,20,0,0,1
312,1,0,1,10,20,0,2,1
311,1,0,1,20,25,0,0,1
312,1,1,1,15,21,0,1,1
312,1,1,1,15,24,0,1,1
342,1,0,1,60,28,0,1,1
342,1,1,1,40,17,0,2,1
375,1,0,1,50,30,0,1,1
375,1,1,1,5,22,0,0,1
375,1,1,1,20,23,0,1,1
375,1,1,1,10,25,0,2,1
411,1,0,1,30,35,0,1,1
410,1,0,1,50,35,0,1,1
410,1,0,1,20,32,0,2,1
410,1,1,1,5,24,0,2,1
448,1,0,1,5,27,0,0,1
448,1,0,1,20,16,0,2,1
448,1,0,1,30,24,0,1,1
448,1,0,1,35,28,0,0,1
448,1,0,1,10,32,0,1,1
448,1,0,1,30,32,0,2,1
448,1,1,1,20,32,0,1,0
448,1,1,1,25,16,0,0,0
448,1,1,1,25,21,0,1,1
448,1,1,1,40,25,0,0,1
448,1,1,1,45,31,0,1,1
448,1,1,1,60,31,0,0,1
448,1,1,1,70,28,0,2,1
488,1,0,1,15,32,0,2,1
488,1,0,1,25,27,0,2,1
488,1,0,1,30,26,0,1,1
488,1,0,1,35,30,0,2,1
488,1,0,1,60,33,0,0,1
488,1,0,1,10,17,0,0,1
488,1,0,1,20,33,0,0,1
488,1,1,1,10,33,0,1,1
488,1,1,1,20,32,0,1,0
489,1,1,1,25,24,0,0,1
488,1,1,1,60,32,0,0,1
531,1,0,1,5,27,0,0,1
531,1,0,1,20,30,0,0,1
531,1,0,1,50,30,0,1,1
531,1,0,1,20,34,0,0,1
531,1,1,1,5,17,0,0,1
531,1,1,1,20,33,0,0,1
531,1,1,1,60,19,0,1,1
577,1,0,1,20,33,0,1,1
577,1,0,1,50,33,0,2,1
577,1,1,1,30,29,0,1,1
577,1,1,1,30,39,0,0,1
577,1,1,1,55,33,0,0,1
577,1,1,1,60,29,0,0,1
577,1,1,1,15,34,0,1,1
626,1,0,1,20,38,0,1,1
625,1,0,1,30,42,0,2,1
625,1,0,1,40,15,0,0,1
625,1,0,1,50,40,0,1,1
626,1,1,1,5,32,0,0,1
625,1,1,1,20,23,0,2,1
625,1,1,1,25,32,0,2,1
626,1,1,1,80,32,0,1,1
626,1,1,1,20,31,0,1,0
625,1,1,1,10,33,0,1,1
625,1,1,1,30,29,0,0,1
677,1,0,1,15,41,0,2,1
677,1,0,1,20,41,0,1,1
677,1,0,1,50,35,0,1,1
677,1,1,1,35,25,0,1,1
677,1,1,1,40,31,0,1,1
677,1,1,1,50,38,0,1,1
732,1,0,1,20,36,0,1,1
732,1,0,1,40,31,0,1,1
732,1,0,1,50,30,0,1,1
731,1,1,1,10,16,0,2,1
731,1,1,1,10,34,0,0,1
731,1,1,1,60,40,0,1,1
732,1,1,1,30,36,0,2,1
789,1,0,1,40,44,0,2,1
789,1,0,1,50,30,0,1,1
790,1,0,1,60,40,0,1,1
789,1,0,1,25,34,0,0,1
790,1,0,1,20,33,0,1,1
789,1,0,1,60,40,0,0,1
789,1,1,1,25,27,0,1,1
790,1,1,1,40,28,0,0,1
789,1,1,1,30,30,0,0,1
789,1,1,1,20,32,0,1,1
851,1,0,1,20,32,0,2,1
851,1,0,1,20,34,0,2,1
851,1,0,1,25,42,0,1,0
851,1,0,1,60,42,0,0,1
851,1,1,1,15,27,0,2,1
851,1,1,1,20,21,0,0,1
851,1,1,1,20,31,0,1,1
851,1,1,1,30,36,0,0,1
850,1,1,1,50,36,0,1,1
851,1,1,1,55,36,0,1,1
851,1,1,1,30,35,0,1,1
851,1,1,1,20,34,0,0,1
915,1,0,1,50,41,0,2,1
915,1,0,1,40,37,0,2,1
915,1,0,1,20,37,0,0,1
916,1,1,1,20,25,0,0,1
915,1,1,1,30,29,0,2,1
915,1,1,1,40,34,0,0,1
915,1,1,1,40,41,0,1,1
915,1,1,1,60,46,0,1,1
984,1,0,1,25,30,0,1,1
984,1,0,1,25,44,0,1,1
984,1,0,1,40,38,0,1,1
984,1,1,1,20,28,0,1,1
984,1,1,1,25,35,0,1,1
984,1,1,1,30,24,0,0,1
1056,1,0,1,20,27,0,2,1
1056,1,0,1,40,41,0,0,0
1056,1,0,1,40,29,0,1,1
1056,1,1,1,10,29,0,1,1
1056,1,1,1,25,45,0,1,1
1056,1,1,1,30,46,0,1,1
1056,1,1,1,35,30,0,1,1
1056,1,1,1,50,45,0,1,1
1056,1,1,1,60,45,0,0,1
1056,1,1,1,15,35,0,1,1
1056,1,1,1,50,47,0,1,1
1056,1,1,1,30,47,0,2,1
1056,1,1,1,10,42,0,2,1
1056,1,1,1,20,40,0,2,1
1056,1,1,1,30,27,0,1,1
1132,1,0,1,5,41,0,1,1
1132,1,0,1,5,44,0,1,1
1132,1,0,1,10,44,0,1,1
1132,1,0,1,20,28,0,1,1
1132,1,0,1,25,39,0,1,1
1132,1,0,1,30,25,0,1,1
1132,1,0,1,30,44,0,2,1
1132,1,0,1,50,37,0,1,1
1132,1,0,1,40,38,0,1,1
1132,1,0,1,40,36,0,2,1
1132,1,0,1,20,46,0,0,1
1132,1,0,1,40,45,0,0,1
1132,1,1,1,5,30,0,0,1
1132,1,1,1,20,17,0,0,1
1132,1,1,1,20,37,0,2,1
1132,1,1,1,25,29,0,2,1
1132,1,1,1,30,33,0,1,1
1132,1,1,1,80,38,0,1,1
1132,1,1,1,30,43,0,1,1
1212,1,0,1,5,42,0,1,1
1212,1,0,1,20,50,0,1,1
1212,1,0,1,35,39,0,0,1
1212,1,0,1,10,10,0,0,1
1212,1,0,1,20,45,0,2,1
1212,1,0,1,40,19,0,0,1
1212,1,0,1,40,46,0,2,1
1212,1,0,1,40,46,0,1,1
1212,1,0,1,40,45,0,2,1
1212,1,0,1,50,43,0,1,1
1212,1,0,1,20,42,0,2,1
1212,1,1,1,5,37,0,1,1
1212,1,1,1,20,24,0,1,1
1212,1,1,1,30,36,0,2,1
1212,1,1,1,45,39,0,1,1
1212,1,1,1,50,44,0,1,1
1212,1,1,1,50,47,0,0,1
1212,1,1,1,15,44,0,1,1
1212,1,1,1,20,44,0,0,1
1212,1,1,1,20,44,0,1,1
1212,1,1,1,30,44,0,1,1
1296,1,0,1,20,43,0,1,1
1297,1,0,1,45,43,0,1,1
1296,1,0,1,5,42,0,1,1
1296,1,0,1,10,42,0,1,1
1297,1,0,1,20,42,0,1,1
1296,1,0,1,25,32,0,1,1
1296,1,1,1,35,39,0,2,1
1296,1,1,1,40,41,0,1,1
1296,1,1,1,10,41,0,1,1
1385,1,0,1,15,31,0,1,1
1385,1,0,1,25,30,0,1,1
1385,1,0,1,25,46,0,2,1
1385,1,0,1,30,43,0,0,1
1385,1,0,1,40,30,0,1,1
1385,1,0,1,10,45,0,1,1
1385,1,0,1,40,45,0,2,1
1385,1,1,1,5,42,0,2,1
1385,1,1,1,10,30,0,1,1
1385,1,1,1,10,40,0,1,1
1385,1,1,1,25,32,0,1,1
1385,1,1,1,30,49,0,0,1
1385,1,1,1,35,35,0,2,1
1385,1,1,1,50,47,0,1,1
1385,1,1,1,20,44,0,1,1
1385,1,1,1,40,40,0,1,1
1385,1,1,1,10,40,0,1,1
1478,1,0,1,10,25,0,0,1
1478,1,0,1,15,53,0,0,1
1478,1,0,1,20,46,0,0,1
1478,1,0,1,40,24,0,1,1
1478,1,0,1,30,50,0,0,1
1478,1,0,1,20,37,0,0,1
1478,1,0,1,35,48,0,0,1
1478,1,0,1,30,34,0,1,0
1478,1,0,1,30,47,0,2,1
1478,1,1,1,5,44,0,1,1
1478,1,1,1,20,19,0,2,1
1478,1,1,1,30,51,0,0,1
1478,1,1,1,60,45,0,1,1
1478,1,1,1,60,50,0,0,1
1478,1,1,1,20,41,0,1,1
1576,1,0,1,15,41,0,1,1
1576,1,0,1,30,38,0,1,1
1576,1,0,1,50,38,0,1,1
1576,1,0,1,80,38,0,2,1
1576,1,0,1,30,50,0,2,1
1576,1,0,1,20,48,0,2,1
1576,1,0,1,25,48,0,1,1
1575,1,1,1,5,36,0,2,1
1576,1,1,1,10,37,0,0,1
1576,1,1,1,30,41,0,1,1
1576,1,1,1,60,45,0,1,1
1576,1,1,1,40,48,0,2,1
1678,1,0,1,10,50,0,1,1
1678,1,0,1,20,43,0,1,1
1678,1,0,1,10,40,0,1,1
1678,1,0,1,50,39,0,1,1
1678,1,0,1,5,44,0,1,1
1678,1,1,1,5,41,0,2,1
1678,1,1,1,10,45,0,0,1
1678,1,1,1,15,42,0,1,1
1678,1,1,1,20,44,0,2,1
1678,1,1,1,50,20,0,1,1
1785,1,0,1,10,20,0,0,1
1786,1,0,1,50,47,0,1,1
1785,1,0,1,20,51,0,1,1
1786,1,0,1,40,51,0,0,1
1785,1,0,1,40,50,0,0,1
1786,1,0,1,20,45,0,2,1
1786,1,1,1,15,36,0,1,1
1785,1,1,1,40,30,0,0,1
1785,1,1,1,40,51,0,0,1
1785,1,1,1,40,53,0,1,1
1786,1,1,1,45,34,0,1,1
1785,1,1,1,20,49,0,1,1
1785,1,1,1,20,49,0,0,0
1898,1,0,1,15,49,0,2,1
1898,1,0,1,30,51,0,1,1
1898,1,0,1,35,54,0,2,1
1898,1,0,1,40,45,0,2,1
1898,1,0,1,15,52,0,0,1
1898,1,0,1,30,49,0,1,1
1898,1,0,1,30,50,0,1,1
1898,1,1,1,5,50,0,0,1
1898,1,1,1,10,45,0,1,1
1898,1,1,1,5,50,0,1,1
1898,1,1,1,40,48,0,1,1
1898,1,1,1,20,41,0,2,1
1898,1,1,1,25,41,0,0,1
2015,1,0,1,15,38,0,1,1
2015,1,0,1,20,53,0,2,1
2015,1,0,1,50,53,0,1,1
2015,1,0,1,60,53,0,1,1
2016,1,0,1,30,40,0,1,1
2016,1,0,1,20,40,0,0,1
2016,1,0,1,15,47,0,1,1
2015,1,0,1,30,50,0,1,1
2016,1,0,1,60,54,0,1,1
2015,1,1,1,60,41,0,0,1
2016,1,1,1,20,49,0,0,1
2015,1,1,1,15,53,0,1,0
2016,1,1,1,30,52,0,2,1
2015,1,1,1,20,50,0,2,1
2015,1,1,1,20,50,0,1,1
2015,1,1,1,40,51,0,0,1
2139,1,0,1,40,55,0,0,1
2138,1,0,1,20,55,0,2,1
2138,1,0,1,40,52,0,0,1
2138,1,0,1,20,56,0,0,1
2139,1,1,1,20,20,0,0,1
2139,1,1,1,30,43,0,1,1
2267,1,0,1,10,53,0,0,1
2267,1,0,1,20,25,0,2,1
2267,1,0,1,20,46,0,1,1
2267,1,0,1,20,54,0,1,1
2267,1,0,1,20,61,0,1,1
2267,1,0,1,40,48,0,1,1
2267,1,0,1,90,55,0,0,1
2267,1,1,1,15,40,0,0,1
2267,1,1,1,10,40,0,0,0
2402,1,0,1,5,54,0,1,0
2401,1,0,1,15,35,0,1,1
2401,1,0,1,20,35,0,1,1
2401,1,0,1,30,45,0,1,0
2401,1,0,1,60,50,0,1,1
2401,1,0,1,40,50,0,1,1
2402,1,0,1,5,50,0,0,1
2402,1,0,1,60,55,0,1,1
2401,1,1,1,5,52,0,1,1
2401,1,1,1,15,18,0,1,1
2402,1,1,1,20,44,0,1,1
2402,1,1,1,40,56,0,1,1
2542,1,0,1,10,57,0,1,1
2541,1,0,1,15,57,0,0,1
2542,1,0,1,40,57,0,1,1
2541,1,0,1,20,55,0,0,1
2541,1,1,1,5,30,0,1,1
2541,1,1,1,30,53,0,0,1
2542,1,1,1,80,56,0,0,1
2542,1,1,1,10,54,0,1,1
2541,1,1,1,5,55,0,0,1
2688,1,0,1,30,62,0,1,1
2688,1,0,1,40,56,0,1,1
2688,1,0,1,20,54,0,1,1
2687,1,1,1,30,60,0,1,1
2687,1,1,1,30,56,0,2,1
2688,1,1,1,40,56,0,2,1
2688,1,1,1,40,51,0,1,1
2840,1,0,1,10,57,0,1,1
2840,1,0,1,15,55,0,0,1
2840,1,0,1,30,63,0,0,1
2840,1,0,1,20,53,0,0,1
2840,1,0,1,20,54,0,1,1
2840,1,0,1,30,60,0,0,1
2840,1,1,1,10,46,0,0,1
2999,1,0,1,30,60,0,1,1
2999,1,0,1,30,61,0,1,1
2999,1,1,1,15,49,0,1,1
2999,1,1,1,20,44,0,2,1
2999,1,1,1,10,54,0,2,1
3164,1,0,1,5,54,0,0,1
3165,1,0,1,20,62,0,2,1
3165,1,0,1,30,57,0,0,1
3165,1,0,1,5,60,0,2,0
3164,1,1,1,55,60,0,1,1
3336,1,0,1,5,56,0,1,1
3337,1,0,1,20,62,0,2,1
3337,1,1,1,10,66,0,1,1
3337,1,1,1,20,63,0,2,1
3337,1,1,1,15,60,0,2,1
3516,1,0,1,20,50,0,1,1
3516,1,0,1,30,55,0,1,1
3516,1,0,1,20,59,0,1,1
3702,1,0,1,10,60,0,2,1
3702,1,0,1,15,64,0,1,1
3702,1,0,1,20,63,0,1,1
3896,1,0,1,20,61,0,0,1
151,0,0,1,20,25,0,0,1
150,0,0,1,30,13,0,1,1
151,0,0,1,60,15,0,1,1
150,0,1,1,5,13,0,0,1
150,0,1,1,20,10,0,2,1
150,0,1,1,40,21,0,0,1
169,0,1,1,10,21,0,1,1
168,0,1,1,20,7,0,2,1
188,0,1,1,20,22,0,2,1
188,0,1,1,35,25,0,1,1
188,0,1,1,40,26,0,2,1
188,0,1,1,60,19,0,2,1
209,0,0,1,20,17,0,1,1
209,0,0,1,30,18,0,1,1
209,0,0,1,40,24,0,1,1
209,0,1,1,55,21,0,1,1
232,0,0,1,30,19,0,2,1
232,0,0,1,30,21,0,0,1
232,0,0,1,35,22,0,0,1
232,0,1,1,5,5,0,0,1
232,0,1,1,20,13,0,0,1
231,0,1,1,25,20,0,1,1
257,0,0,1,15,15,0,2,1
283,0,1,1,10,15,0,0,1
283,0,1,1,10,24,0,1,1
283,0,1,1,20,24,0,1,1
283,0,1,1,25,25,0,0,1
283,0,1,1,40,19,0,1,1
312,0,1,1,5,15,0,2,1
311,0,1,1,5,28,0,2,1
312,0,1,1,15,25,0,1,0
311,0,1,1,20,24,0,1,1
311,0,1,1,20,27,0,1,1
312,0,1,1,30,18,0,0,1
311,0,1,1,45,18,0,1,1
312,0,1,1,60,29,0,2,1
342,0,0,1,5,23,0,1,1
342,0,0,1,40,20,0,0,1
342,0,0,1,50,17,0,0,1
342,0,1,1,10,30,0,2,1
342,0,1,1,20,10,0,1,1
342,0,1,1,20,25,0,2,1
375,0,0,1,15,15,0,1,1
375,0,0,1,15,26,0,1,1
375,0,0,1,30,26,0,2,1
375,0,0,1,35,24,0,1,1
375,0,0,1,35,29,0,2,1
375,0,0,1,55,25,0,1,1
375,0,1,1,20,13,0,0,1
375,0,1,1,25,29,0,1,1
411,0,0,1,25,33,0,1,1
410,0,0,1,30,28,0,1,1
410,0,0,1,20,26,0,0,1
410,0,1,1,5,27,0,1,1
448,0,0,1,5,22,0,2,1
448,0,0,1,5,26,0,1,1
448,0,0,1,10,12,0,1,1
448,0,0,1,20,12,0,0,1
448,0,0,1,20,13,0,1,1
448,0,0,1,20,34,0,2,1
448,0,0,1,40,34,0,2,1
448,0,1,1,50,8,0,2,0
448,0,1,1,20,8,0,0,0
488,0,0,1,25,28,0,1,1
488,0,0,1,10,6,0,1,1
489,0,0,1,15,29,0,1,0
489,0,0,1,35,31,0,1,1
489,0,0,1,10,28,0,1,1
488,0,0,1,40,18,0,0,1
488,0,1,1,25,33,0,1,1
488,0,1,1,25,33,0,1,1
488,0,1,1,40,17,0,1,1
488,0,1,1,40,37,0,2,1
488,0,1,1,40,30,0,2,1
531,0,0,1,15,14,0,1,1
531,0,0,1,35,29,0,1,1
531,0,0,1,50,33,0,2,1
531,0,1,1,30,23,0,0,1
577,0,0,1,10,29,0,1,1
577,0,0,1,35,32,0,1,1
577,0,0,1,40,31,0,2,1
577,0,0,1,20,31,0,2,1
577,0,1,1,5,31,0,1,1
577,0,1,1,20,31,0,1,1
577,0,1,1,15,31,0,0,1
625,0,0,1,5,10,0,0,1
626,0,1,1,40,31,0,0,1
625,0,1,1,40,21,0,0,1
677,0,0,1,30,21,0,2,1
677,0,0,1,40,35,0,1,1
677,0,1,1,5,35,0,1,1
677,0,1,1,15,35,0,1,1
677,0,1,1,30,18,0,2,1
677,0,1,1,30,25,0,2,1
677,0,1,1,45,25,0,1,1
677,0,1,1,30,32,0,2,1
732,0,0,1,5,18,0,2,1
731,0,0,1,5,37,0,1,1
732,0,0,1,40,35,0,0,1
731,0,0,1,30,38,0,1,1
732,0,0,1,25,34,0,2,1
731,0,1,1,30,19,0,1,1
731,0,1,1,35,36,0,2,1
732,0,1,1,60,30,0,1,1
789,0,0,1,10,22,0,1,1
790,0,0,1,10,37,0,0,1
789,0,0,1,25,31,0,0,1
789,0,0,1,40,26,0,1,1
790,0,0,1,30,34,0,0,1
790,0,1,1,10,29,0,1,1
789,0,1,1,30,36,0,0,0
789,0,1,1,45,34,0,2,1
790,0,1,1,60,35,0,0,1
789,0,1,1,30,30,0,1,1
789,0,1,1,10,31,0,0,1
790,0,1,1,20,35,0,1,1
851,0,0,1,10,16,0,1,1
851,0,0,1,20,24,0,1,1
851,0,0,1,20,37,0,2,1
851,0,0,1,40,37,0,1,1
851,0,1,1,10,5,0,1,1
851,0,1,1,15,15,0,1,1
850,0,1,1,15,27,0,2,1
851,0,1,1,20,22,0,1,1
851,0,1,1,25,38,0,1,1
851,0,1,1,20,24,0,1,1
915,0,0,1,5,22,0,1,1
915,0,0,1,10,22,0,1,1
916,0,0,1,60,31,0,1,1
915,0,0,1,20,17,0,0,1
915,0,0,1,20,18,0,1,1
916,0,0,1,40,18,0,0,1
915,0,0,1,30,40,0,0,1
915,0,1,1,15,39,0,2,1
915,0,1,1,20,8,0,2,1
915,0,1,1,40,40,0,1,1
915,0,1,1,20,20,0,1,1
915,0,1,1,20,34,0,1,0
984,0,0,1,5,8,0,1,1
984,0,0,1,20,7,0,1,1
984,0,0,1,20,9,0,0,1
984,0,0,1,35,43,0,0,1
984,0,0,1,35,43,0,0,1
984,0,1,1,10,23,0,2,1
984,0,1,1,10,38,0,1,1
984,0,1,1,15,41,0,1,1
984,0,1,1,25,17,0,2,1
984,0,1,1,40,37,0,0,1
984,0,1,1,50,31,0,2,1
1056,0,0,1,30,41,0,0,1
1056,0,0,1,40,35,0,2,1
1056,0,0,1,45,37,0,0,1
1056,0,0,1,15,32,0,1,1
1056,0,1,1,5,31,0,1,1
1056,0,1,1,15,24,0,1,1
1056,0,1,1,20,24,0,1,1
1056,0,1,1,40,29,0,2,1
1056,0,1,1,40,37,0,1,1
1132,0,0,1,20,46,0,1,1
1132,0,0,1,30,39,0,0,0
1132,0,0,1,20,25,0,1,1
1132,0,1,1,10,31,0,1,1
1132,0,1,1,15,34,0,2,1
1132,0,1,1,35,45,0,1,1
1212,0,0,1,5,18,0,0,1
1212,0,0,1,10,44,0,2,1
1212,0,0,1,15,31,0,2,1
1212,0,0,1,15,40,0,0,1
1212,0,0,1,20,27,0,2,1
1212,0,0,1,40,44,0,1,1
1212,0,0,1,40,49,0,1,1
1212,0,0,1,25,44,0,1,1
1212,0,0,1,25,40,0,0,1
1212,0,1,1,10,32,0,1,1
1212,0,1,1,15,43,0,1,1
1212,0,1,1,20,23,0,0,1
1212,0,1,1,60,31,0,1,1
1212,0,1,1,20,31,0,1,1
1212,0,1,1,40,41,0,2,1
1296,0,0,1,5,48,0,0,1
1296,0,0,1,20,48,0,1,1
1296,0,0,1,30,35,0,2,1
1296,0,0,1,30,35,0,1,1
1296,0,0,1,10,25,0,2,1
1296,0,0,1,15,43,0,2,1
1297,0,0,1,20,44,0,0,1
1297,0,1,1,10,35,0,0,1
1297,0,1,1,15,34,0,0,1
1296,0,1,1,30,44,0,1,1
1296,0,1,1,40,42,0,1,0
1385,0,0,1,15,21,0,1,0
1385,0,0,1,15,28,0,0,1
1385,0,0,1,15,36,0,2,1
1385,0,0,1,20,37,0,1,1
1385,0,0,1,25,40,0,1,1
1385,0,0,1,30,36,0,1,1
1385,0,0,1,40,36,0,1,1
1385,0,0,1,30,42,0,1,1
1385,0,1,1,5,46,0,0,1
1385,0,1,1,10,46,0,1,1
1385,0,1,1,20,25,0,0,1
1385,0,1,1,30,47,0,2,1
1385,0,1,1,50,36,0,0,1
1385,0,1,1,5,42,0,1,1
1478,0,0,1,20,34,0,1,1
1478,0,0,1,25,14,0,2,1
1478,0,0,1,40,19,0,1,1
1478,0,0,1,20,45,0,0,1
1478,0,0,1,30,39,0,2,1
1478,0,0,1,5,49,0,1,1
1478,0,0,1,20,47,0,0,1
1478,0,1,1,5,47,0,0,1
1478,0,1,1,10,47,0,0,1
1478,0,1,1,30,25,0,1,1
1478,0,1,1,30,45,0,1,1
1478,0,1,1,50,45,0,1,1
1478,0,1,1,40,46,0,2,1
1576,0,0,1,15,37,0,0,1
1575,0,0,1,20,45,0,1,1
1576,0,0,1,25,46,0,1,1
1576,0,1,1,15,38,0,1,1
1575,0,1,1,15,38,0,2,0
1576,0,1,1,20,47,0,0,1
1576,0,1,1,40,42,0,0,1
1678,0,0,1,25,43,0,1,1
1678,0,0,1,10,40,0,1,1
1678,0,0,1,10,17,0,2,1
1678,0,0,1,25,48,0,1,1
1678,0,1,1,15,43,0,1,1
1678,0,1,1,40,40,0,2,1
1678,0,1,1,40,47,0,1,1
1678,0,1,1,40,40,0,1,1
1785,0,0,1,5,16,0,1,1
1785,0,0,1,10,14,0,1,1
1785,0,0,1,15,14,0,2,1
1786,0,0,1,20,18,0,2,1
1785,0,0,1,30,19,0,2,1
1785,0,0,1,35,43,0,1,1
1786,0,0,1,40,47,0,1,1
1786,0,0,1,20,49,0,0,1
1786,0,1,1,10,21,0,1,0
1786,0,1,1,20,23,0,0,1
1786,0,1,1,20,38,0,0,1
1785,0,1,1,30,42,0,2,1
1785,0,1,1,40,43,0,2,1
1785,0,1,1,30,43,0,1,1
1898,0,0,1,25,49,0,2,1
1898,0,0,1,40,26,0,2,1
1898,0,0,1,15,31,0,0,1
1898,0,0,1,20,50,0,2,1
1898,0,1,1,5,33,0,0,1
1898,0,1,1,15,26,0,1,1
1898,0,1,1,15,35,0,0,1
1898,0,1,1,20,14,0,1,1
1898,0,1,1,40,42,0,1,1
2016,0,0,1,5,17,0,0,1
2015,0,0,1,10,34,0,0,1
2016,0,0,1,20,27,0,1,1
2016,0,0,1,10,45,0,1,1
2016,0,0,1,15,53,0,1,1
2015,0,0,1,25,51,0,2,1
2016,0,1,1,5,48,0,1,1
2015,0,1,1,30,40,0,0,1
2016,0,1,1,30,49,0,0,1
2138,0,0,1,30,29,0,1,1
2139,0,0,1,20,49,0,2,1
2138,0,0,1,20,51,0,1,1
2138,0,1,1,5,45,0,0,1
2138,0,1,1,10,32,0,0,1
2139,0,1,1,15,29,0,1,1
2139,0,1,1,20,50,0,2,1
2138,0,1,1,25,55,0,1,1
2267,0,0,1,10,49,0,0,1
2267,0,0,1,20,49,0,0,1
2267,0,0,1,40,51,0,1,1
2267,0,0,1,20,47,0,0,1
2267,0,0,1,40,52,0,0,1
2267,0,1,1,5,20,0,0,1
2267,0,1,1,10,48,0,0,1
2267,0,1,1,20,49,0,2,1
2267,0,1,1,25,37,0,1,1
2267,0,1,1,20,49,0,0,1
2267,0,1,1,10,52,0,0,1
2402,0,0,1,10,52,0,1,1
2401,0,1,1,20,51,0,1,1
2402,0,1,1,20,42,0,2,1
2541,0,0,1,5,55,0,0,1
2541,0,0,1,10,54,0,2,1
2542,0,0,1,20,20,0,1,1
2542,0,0,1,20,45,0,0,1
2541,0,0,1,20,49,0,1,1
2542,0,0,1,10,51,0,1,0
2542,0,1,1,15,39,0,2,1
2542,0,1,1,30,53,0,2,0
2542,0,1,1,20,53,0,1,1
2687,0,0,1,5,58,0,1,1
2688,0,0,1,15,50,0,0,1
2688,0,0,1,20,36,0,1,1
2688,0,0,1,5,57,0,1,1
2688,0,1,1,10,57,0,0,1
2688,0,1,1,15,49,0,1,1
2840,0,1,1,40,49,0,1,1
2999,0,0,1,20,35,0,0,1
2999,0,0,1,20,55,0,0,1
2999,0,1,1,40,55,0,0,1
3164,0,1,1,10,47,0,0,1
3164,0,1,1,10,57,0,0,1
3164,0,1,1,20,55,0,0,1
3165,0,1,1,20,57,0,0,1
3337,0,0,1,10,54,0,1,1
3337,0,0,1,20,59,0,2,1
3337,0,1,1,15,63,0,1,1
3337,0,1,1,25,46,0,2,1
3337,0,1,1,40,59,0,1,1
3516,0,0,1,15,59,0,1,1
3516,0,1,1,10,61,0,2,1
3702,0,0,1,20,57,0,1,1
3895,0,0,1,5,53,0,2,1
3896,0,1,1,20,39,0,0,1
3895,0,1,1,20,45,0,1,1
4096,0,1,1,10,40,0,2,1
4096,0,1,1,15,14,0,0,1
169,1,0,2,30,14,1,1,1
232,1,0,2,20,14,9,1,1
256,1,0,2,20,14,0,1,1
312,1,0,2,35,26,1,1,1
311,1,0,2,60,20,4,0,1
342,1,0,2,5,24,0,1,1
342,1,0,2,10,12,13,1,1
342,1,0,2,10,26,3,1,1
342,1,0,2,20,25,3,1,1
375,1,0,2,15,25,1,0,1
375,1,0,2,20,10,14,1,1
375,1,0,2,25,23,6,0,1
375,1,0,2,25,24,3,0,1
375,1,0,2,30,24,0,1,0
375,1,0,2,30,26,2,1,1
375,1,0,2,40,14,12,1,1
375,1,0,2,40,20,3,2,1
410,1,0,2,5,10,15,1,1
411,1,0,2,10,15,13,1,1
411,1,0,2,10,30,0,0,1
411,1,0,2,20,15,9,1,1
410,1,0,2,20,18,10,2,1
411,1,0,2,25,14,10,1,1
410,1,0,2,35,11,14,1,1
411,1,0,2,50,25,4,2,1
448,1,0,2,5,23,8,0,1
448,1,0,2,10,5,10,0,1
448,1,0,2,15,21,11,1,1
448,1,0,2,15,22,9,1,1
448,1,0,2,15,28,1,0,1
448,1,0,2,20,10,11,2,1
448,1,0,2,20,15,1,2,1
448,1,0,2,20,21,14,0,1
448,1,0,2,20,31,1,0,1
448,1,0,2,30,10,13,0,1
448,1,0,2,30,32,14,1,1
448,1,0,2,30,32,0,0,1
448,1,0,2,40,14,11,0,1
448,1,0,2,40,19,11,2,1
448,1,0,2,60,20,7,2,1
448,1,0,2,60,20,12,1,1
448,1,0,2,45,15,14,2,1
488,1,0,2,10,15,9,1,1
488,1,0,2,10,20,14,0,1
488,1,0,2,15,20,7,2,1
488,1,0,2,20,26,5,1,1
488,1,0,2,20,27,4,1,1
488,1,0,2,20,31,2,0,1
488,1,0,2,25,18,9,0,1
489,1,0,2,25,27,2,0,1
488,1,0,2,30,11,14,1,1
488,1,0,2,30,26,6,1,1
489,1,0,2,40,16,3,1,1
488,1,0,2,40,17,12,1,1
488,1,0,2,40,22,12,2,1
488,1,0,2,20,9,17,1,1
531,1,0,2,5,30,5,0,1
531,1,0,2,15,25,13,2,1
531,1,0,2,20,16,14,2,1
531,1,0,2,20,24,12,0,1
531,1,0,2,20,24,12,0,1
531,1,0,2,20,25,7,1,1
531,1,0,2,30,13,0,1,1
531,1,0,2,40,16,18,1,1
531,1,0,2,40,25,1,1,1
577,1,0,2,5,17,11,2,1
577,1,0,2,10,16,4,2,1
577,1,0,2,10,18,10,0,1
577,1,0,2,10,30,2,1,1
577,1,0,2,15,23,12,1,1
577,1,0,2,20,17,17,0,1
577,1,0,2,20,17,16,2,1
577,1,0,2,20,21,9,1,1
577,1,0,2,20,33,2,1,1
577,1,0,2,20,33,1,1,1
577,1,0,2,25,26,5,2,1
577,1,0,2,25,26,6,0,1
577,1,0,2,30,21,17,1,1
577,1,0,2,30,26,1,1,1
577,1,0,2,40,21,5,2,1
577,1,0,2,40,31,7,0,1
577,1,0,2,40,31,5,0,1
577,1,0,2,40,23,2,1,1
577,1,0,2,50,23,10,0,1
577,1,0,2,60,22,12,2,1
577,1,0,2,60,27,2,0,1
626,1,0,2,5,27,3,2,1
626,1,0,2,15,17,15,0,1
625,1,0,2,20,20,10,1,1
625,1,0,2,20,33,1,1,1
625,1,0,2,25,12,12,1,1
625,1,0,2,30,11,20,1,1
625,1,0,2,30,26,15,2,1
625,1,0,2,30,26,9,1,1
625,1,0,2,30,38,0,1,1
625,1,0,2,40,23,12,1,1
626,1,0,2,40,23,12,2,1
625,1,0,2,40,31,11,0,1
625,1,0,2,50,29,1,1,1
625,1,0,2,60,20,10,2,1
625,1,0,2,80,20,10,0,1
677,1,0,2,10,21,16,1,1
677,1,0,2,10,22,9,1,1
677,1,0,2,15,15,18,0,1
677,1,0,2,15,25,6,1,1
677,1,0,2,25,29,4,2,1
677,1,0,2,30,20,21,2,1
677,1,0,2,30,25,5,2,1
677,1,0,2,30,26,8,1,1
677,1,0,2,30,26,11,1,1
677,1,0,2,30,13,7,0,1
677,1,0,2,40,13,21,0,1
677,1,0,2,60,17,19,1,1
731,1,0,2,10,5,13,1,1
732,1,0,2,10,14,11,1,1
732,1,0,2,10,26,14,1,1
732,1,0,2,15,22,14,0,1
731,1,0,2,20,15,22,1,1
732,1,0,2,20,16,21,2,1
731,1,0,2,20,20,15,1,1
731,1,0,2,20,20,20,1,1
732,1,0,2,20,24,6,0,1
732,1,0,2,20,25,5,1,1
731,1,0,2,20,31,3,1,1
732,1,0,2,25,15,21,0,1
731,1,0,2,25,11,15,1,1
732,1,0,2,30,11,9,1,1
731,1,0,2,30,20,14,1,1
731,1,0,2,40,37,0,0,0
731,1,0,2,20,30,10,1,1
790,1,0,2,5,25,3,2,1
789,1,0,2,10,10,22,2,1
790,1,0,2,10,22,15,1,1
789,1,0,2,10,26,9,0,1
790,1,0,2,15,12,22,1,1
789,1,0,2,15,29,13,0,1
789,1,0,2,20,29,9,2,1
790,1,0,2,25,24,13,1,1
789,1,0,2,25,27,14,2,1
789,1,0,2,30,18,18,0,1
789,1,0,2,30,30,11,1,1
789,1,0,2,30,38,6,1,1
789,1,0,2,40,11,17,1,1
789,1,0,2,40,24,15,0,1
790,1,0,2,40,31,8,2,1
790,1,0,2,40,32,6,2,1
789,1,0,2,60,15,22,0,1
789,1,0,2,60,25,11,2,1
790,1,0,2,80,31,4,0,1
789,1,0,2,90,14,19,0,1
850,1,0,2,20,16,9,1,1
851,1,0,2,30,22,17,1,1
850,1,0,2,10,18,24,2,1
851,1,0,2,10,30,10,1,1
850,1,0,2,20,24,5,0,1
850,1,0,2,20,33,2,0,1
851,1,0,2,20,36,4,1,1
851,1,0,2,30,31,9,1,0
851,1,0,2,30,36,1,0,1
851,1,0,2,40,22,18,1,1
851,1,0,2,40,30,8,1,1
851,1,0,2,40,38,6,1,1
851,1,0,2,45,39,2,1,1
851,1,0,2,50,16,22,1,1
851,1,0,2,20,27,9,1,1
851,1,0,2,15,30,14,1,1
916,1,0,2,5,30,10,1,1
916,1,0,2,10,34,1,0,1
916,1,0,2,10,37,0,2,1
916,1,0,2,15,18,19,1,1
915,1,0,2,15,12,0,2,1
915,1,0,2,20,12,21,0,1
915,1,0,2,20,14,23,0,1
915,1,0,2,20,25,17,1,1
916,1,0,2,30,25,1,2,1
915,1,0,2,30,25,14,2,1
915,1,0,2,30,26,14,1,1
915,1,0,2,30,39,2,0,1
916,1,0,2,40,30,5,1,1
915,1,0,2,40,37,4,1,1
916,1,0,2,40,41,3,2,1
915,1,0,2,50,20,21,2,1
915,1,0,2,50,25,0,2,1
916,1,0,2,50,31,5,0,1
915,1,0,2,60,30,7,1,1
916,1,0,2,60,36,4,2,1
984,1,0,2,10,15,22,1,1
984,1,0,2,15,24,7,0,1
984,1,0,2,20,14,24,1,1
984,1,0,2,20,20,7,1,1
984,1,0,2,20,20,22,2,1
984,1,0,2,20,22,6,1,1
984,1,0,2,20,38,2,1,1
984,1,0,2,20,38,3,2,1
984,1,0,2,25,38,2,1,1
984,1,0,2,30,35,1,0,1
984,1,0,2,40,15,17,0,1
984,1,0,2,40,20,15,2,1
984,1,0,2,40,25,15,0,1
984,1,0,2,50,34,6,2,1
984,1,0,2,50,36,2,0,1
984,1,0,2,60,33,19,0,1
984,1,0,2,60,33,8,1,1
984,1,0,2,70,26,12,1,1
984,1,0,2,80,22,21,0,1
984,1,0,2,20,37,1,0,1
1056,1,0,2,10,15,3,2,1
1056,1,0,2,10,16,23,1,1
1056,1,0,2,10,30,7,1,1
1056,1,0,2,15,14,22,1,1
1056,1,0,2,15,19,22,2,1
1056,1,0,2,15,20,19,1,1
1056,1,0,2,20,9,15,0,1
1056,1,0,2,20,18,23,0,1
1056,1,0,2,20,19,18,0,1
1056,1,0,2,20,20,7,1,1
1056,1,0,2,20,22,8,0,1
1056,1,0,2,20,27,9,1,1
1056,1,0,2,20,29,20,1,1
1056,1,0,2,20,31,13,0,1
1056,1,0,2,20,32,17,1,1
1056,1,0,2,20,34,7,1,1
1056,1,0,2,20,39,0,1,1
1056,1,0,2,25,10,27,1,1
1056,1,0,2,25,14,14,1,1
1056,1,0,2,35,14,25,1,1
1056,1,0,2,35,24,17,0,1
1056,1,0,2,35,29,8,0,1
1056,1,0,2,40,20,20,1,1
1056,1,0,2,40,34,15,1,1
1056,1,0,2,40,34,6,0,1
1056,1,0,2,50,18,22,0,0
1056,1,0,2,50,25,20,0,1
1056,1,0,2,60,17,0,0,1
1056,1,0,2,20,17,22,1,1
1056,1,0,2,30,34,5,1,1
1056,1,0,2,20,20,9,1,1
1056,1,0,2,40,22,2,0,1
1132,1,0,2,40,22,15,1,1
1132,1,0,2,10,22,20,1,1
1132,1,0,2,10,35,11,2,1
1132,1,0,2,15,20,17,2,1
1132,1,0,2,15,28,5,2,1
1132,1,0,2,15,11,18,1,0
1132,1,0,2,20,11,27,0,1
1132,1,0,2,20,16,23,1,1
1132,1,0,2,20,18,25,2,1
1132,1,0,2,20,23,20,2,1
1132,1,0,2,20,25,12,1,1
1132,1,0,2,20,25,18,1,1
1132,1,0,2,20,28,13,0,1
1132,1,0,2,20,29,16,0,1
1132,1,0,2,20,29,17,0,1
1132,1,0,2,20,32,6,0,1
1132,1,0,2,20,39,4,2,1
1132,1,0,2,20,40,8,2,1
1132,1,0,2,20,41,3,2,1
1132,1,0,2,25,21,19,1,1
1132,1,0,2,25,28,14,1,1
1132,1,0,2,25,45,2,1,1
1132,1,0,2,30,17,23,0,1
1132,1,0,2,30,18,20,0,1
1132,1,0,2,30,27,10,1,1
1132,1,0,2,40,25,8,0,1
1132,1,0,2,40,33,8,1,1
1132,1,0,2,40,37,6,1,1
1132,1,0,2,40,38,1,1,1
1132,1,0,2,40,38,2,2,1
1132,1,0,2,45,30,13,0,1
1132,1,0,2,50,23,14,2,1
1132,1,0,2,60,23,14,0,1
1132,1,0,2,80,20,20,1,1
1132,1,0,2,40,37,5,1,1
1132,1,0,2,30,13,9,1,1
1212,1,0,2,5,13,19,1,1
1212,1,0,2,5,18,15,1,1
1212,1,0,2,5,20,20,0,1
1212,1,0,2,5,23,14,2,1
1212,1,0,2,10,43,12,2,1
1212,1,0,2,10,43,1,0,1
1212,1,0,2,15,22,20,1,1
1212,1,0,2,15,36,5,0,1
1212,1,0,2,20,31,19,2,1
1212,1,0,2,20,31,17,1,0
1212,1,0,2,25,30,11,0,1
1212,1,0,2,30,38,27,1,1
1212,1,0,2,30,38,2,1,1
1212,1,0,2,35,26,14,1,0
1212,1,0,2,40,28,15,1,1
1212,1,0,2,60,16,22,0,1
1212,1,0,2,60,26,6,1,1
1212,1,0,2,80,26,14,1,0
1212,1,0,2,40,23,15,1,1
1212,1,0,2,30,28,15,1,1
1296,1,0,2,20,20,23,1,1
1297,1,0,2,5,36,13,2,1
1297,1,0,2,5,38,5,1,1
1297,1,0,2,10,30,15,1,1
1296,1,0,2,10,48,2,1,1
1296,1,0,2,15,25,20,1,1
1296,1,0,2,15,35,2,1,1
1297,1,0,2,20,20,28,1,1
1296,1,0,2,20,30,9,1,1
1296,1,0,2,20,31,12,1,1
1297,1,0,2,20,50,2,2,1
1297,1,0,2,30,22,21,1,1
1296,1,0,2,30,34,10,1,1
1297,1,0,2,40,34,5,0,1
1297,1,0,2,50,40,7,1,1
1297,1,0,2,60,20,20,1,1
1296,1,0,2,80,41,4,1,1
1297,1,0,2,30,25,15,0,1
1296,1,0,2,80,36,10,0,1
1385,1,0,2,5,24,10,0,1
1385,1,0,2,10,24,22,1,1
1385,1,0,2,10,40,0,1,1
1385,1,0,2,15,14,26,1,1
1385,1,0,2,15,20,23,1,1
1385,1,0,2,15,30,21,1,1
1385,1,0,2,15,33,13,0,1
1385,1,0,2,15,37,2,0,1
1385,1,0,2,20,15,6,2,1
1385,1,0,2,20,16,29,0,1
1385,1,0,2,20,23,20,1,1
1385,1,0,2,20,24,16,0,1
1385,1,0,2,20,26,19,1,1
1385,1,0,2,20,30,13,1,1
1385,1,0,2,20,31,15,0,1
1385,1,0,2,20,37,8,1,1
1385,1,0,2,25,12,29,1,1
1385,1,0,2,25,24,21,1,1
1385,1,0,2,30,26,13,1,1
1385,1,0,2,40,26,13,1,1
1385,1,0,2,40,28,8,0,1
1385,1,0,2,40,29,16,1,1
1385,1,0,2,40,15,13,0,1
1385,1,0,2,50,15,21,0,1
1385,1,0,2,50,27,1,0,1
1385,1,0,2,60,38,10,1,1
1385,1,0,2,20,23,3,1,1
1385,1,0,2,30,24,19,1,1
1385,1,0,2,45,37,6,1,1
1385,1,0,2,20,37,13,1,1
1385,1,0,2,20,47,1,1,1
1478,1,0,2,5,15,12,1,1
1478,1,0,2,10,14,30,2,1
1478,1,0,2,10,28,22,0,1
1478,1,0,2,10,34,12,1,1
1478,1,0,2,15,30,15,1,1
1478,1,0,2,20,8,29,2,1
1478,1,0,2,20,17,23,0,1
1478,1,0,2,20,18,25,2,1
1478,1,0,2,20,41,7,1,1
1478,1,0,2,20,29,4,2,1
1478,1,0,2,25,29,11,1,1
1478,1,0,2,30,33,4,1,1
1478,1,0,2,30,39,9,1,1
1478,1,0,2,40,31,12,0,1
1478,1,0,2,45,30,15,1,1
1478,1,0,2,20,22,22,2,1
1478,1,0,2,30,21,4,1,1
1575,1,0,2,10,21,31,1,1
1576,1,0,2,10,21,27,0,1
1575,1,0,2,15,16,33,0,1
1576,1,0,2,15,28,15,1,1
1575,1,0,2,15,37,14,1,1
1575,1,0,2,20,33,8,0,1
1576,1,0,2,20,40,7,1,1
1575,1,0,2,25,39,8,1,1
1575,1,0,2,30,29,10,0,1
1575,1,0,2,40,10,32,2,1
1575,1,0,2,40,33,18,2,1
1576,1,0,2,40,37,10,1,1
1576,1,0,2,40,23,3,1,1
1575,1,0,2,60,23,20,1,1
1576,1,0,2,10,20,23,1,1
1576,1,0,2,30,41,16,2,1
1575,1,0,2,20,41,6,1,1
1678,1,0,2,20,13,28,1,1
1678,1,0,2,20,28,12,1,1
1678,1,0,2,20,28,21,1,1
1678,1,0,2,20,28,24,0,1
1678,1,0,2,20,29,21,1,1
1678,1,0,2,20,34,15,0,1
1678,1,0,2,30,20,1,1,1
1678,1,0,2,40,20,6,2,1
1678,1,0,2,40,27,17,1,1
1678,1,0,2,40,37,5,2,1
1678,1,0,2,40,40,2,2,1
1678,1,0,2,50,34,10,0,1
1678,1,0,2,80,39,17,2,1
1678,1,0,2,40,15,29,1,1
1678,1,0,2,15,15,24,0,1
1678,1,0,2,10,15,29,1,1
1678,1,0,2,5,26,23,2,0
1678,1,0,2,20,34,10,0,1
1786,1,0,2,10,30,25,1,1
1785,1,0,2,10,31,20,2,1
1785,1,0,2,10,47,7,1,1
1786,1,0,2,10,47,22,1,1
1785,1,0,2,10,47,3,2,1
1786,1,0,2,15,14,32,1,1
1786,1,0,2,15,28,22,2,1
1785,1,0,2,15,32,13,1,1
1785,1,0,2,20,26,20,1,1
1785,1,0,2,20,36,10,2,1
1785,1,0,2,20,36,16,0,1
1785,1,0,2,20,37,12,2,1
1785,1,0,2,20,43,4,0,1
1786,1,0,2,20,44,3,0,1
1785,1,0,2,20,45,4,0,1
1785,1,0,2,30,18,25,2,1
1785,1,0,2,30,26,15,0,1
1785,1,0,2,30,29,20,2,1
1786,1,0,2,30,28,4,0,1
1785,1,0,2,40,28,12,1,1
1785,1,0,2,40,40,6,2,1
1785,1,0,2,40,40,8,1,1
1785,1,0,2,40,46,1,0,1
1785,1,0,2,50,50,4,1,1
1786,1,0,2,5,49,6,1,1
1785,1,0,2,30,39,10,1,1
1786,1,0,2,60,45,5,2,1
1785,1,0,2,40,30,20,2,1
1785,1,0,2,40,49,6,1,1
1785,1,0,2,60,41,10,0,1
1898,1,0,2,10,26,22,0,1
1898,1,0,2,15,32,14,1,1
1898,1,0,2,15,36,10,0,1
1898,1,0,2,20,10,26,0,1
1898,1,0,2,20,20,28,0,1
1898,1,0,2,20,25,28,1,1
1898,1,0,2,20,31,16,1,1
1898,1,0,2,20,32,16,1,1
1898,1,0,2,20,41,5,2,1
1898,1,0,2,20,43,10,1,1
1898,1,0,2,20,52,5,0,1
1898,1,0,2,30,20,26,0,1
1898,1,0,2,30,22,28,0,1
1898,1,0,2,30,33,13,1,1
1898,1,0,2,40,40,6,1,1
1898,1,0,2,40,40,15,0,1
1898,1,0,2,40,48,6,1,0
1898,1,0,2,40,18,4,1,1
1898,1,0,2,20,18,36,1,1
1898,1,0,2,20,40,6,2,1
1898,1,0,2,40,44,5,0,1
1898,1,0,2,40,24,26,1,1
2015,1,0,2,5,20,25,0,1
2016,1,0,2,10,28,30,0,1
2016,1,0,2,10,28,23,1,1
2015,1,0,2,10,39,9,0,1
2016,1,0,2,10,45,10,2,1
2016,1,0,2,20,17,17,2,1
2015,1,0,2,20,32,21,0,1
2015,1,0,2,20,33,20,0,1
2015,1,0,2,20,40,15,2,1
2015,1,0,2,20,41,12,1,1
2016,1,0,2,20,49,4,1,1
2016,1,0,2,25,19,30,2,1
2015,1,0,2,30,40,6,2,1
2016,1,0,2,30,40,10,1,1
2016,1,0,2,30,41,15,1,1
2015,1,0,2,30,45,0,2,1
2016,1,0,2,30,45,2,1,1
2015,1,0,2,40,20,22,0,1
2015,1,0,2,40,36,11,0,0
2015,1,0,2,50,42,10,0,1
2015,1,0,2,20,39,10,1,1
2016,1,0,2,20,48,5,1,1
2015,1,0,2,10,29,17,0,1
2016,1,0,2,40,34,15,2,1
2138,1,0,2,40,36,20,0,1
2139,1,0,2,5,10,36,1,1
2138,1,0,2,5,23,28,0,1
2138,1,0,2,10,14,26,1,1
2138,1,0,2,10,14,37,0,1
2139,1,0,2,10,31,15,1,1
2138,1,0,2,10,40,8,2,0
2138,1,0,2,10,42,8,1,1
2138,1,0,2,20,12,30,0,1
2138,1,0,2,20,15,33,0,1
2139,1,0,2,20,22,30,2,1
2138,1,0,2,20,31,19,1,1
2138,1,0,2,20,35,1,0,1
2138,1,0,2,20,42,13,1,1
2139,1,0,2,20,43,12,0,1
2139,1,0,2,30,32,19,1,1
2138,1,0,2,30,34,10,1,1
2139,1,0,2,30,38,14,0,1
2139,1,0,2,40,20,12,1,1
2139,1,0,2,60,50,4,1,1
2139,1,0,2,35,41,9,1,1
2138,1,0,2,10,20,12,0,1
2139,1,0,2,15,41,7,0,1
2267,1,0,2,15,40,7,0,1
2267,1,0,2,20,31,24,0,1
2267,1,0,2,50,24,29,2,1
2267,1,0,2,5,34,14,1,1
2267,1,0,2,10,11,34,0,1
2267,1,0,2,10,20,31,0,1
2267,1,0,2,15,30,19,0,1
2267,1,0,2,15,34,15,1,1
2267,1,0,2,15,54,0,1,1
2267,1,0,2,20,14,15,1,1
2267,1,0,2,20,14,39,1,1
2267,1,0,2,20,15,34,2,1
2267,1,0,2,20,26,26,1,0
2267,1,0,2,20,33,14,2,1
2267,1,0,2,20,33,19,1,1
2267,1,0,2,20,34,9,1,1
2267,1,0,2,20,35,14,0,1
2267,1,0,2,20,44,7,1,1
2267,1,0,2,20,44,5,1,1
2267,1,0,2,20,55,0,2,1
2267,1,0,2,25,19,28,0,1
2267,1,0,2,30,31,24,0,1
2267,1,0,2,30,40,18,1,1
2267,1,0,2,30,40,9,2,1
2267,1,0,2,40,45,30,0,1
2267,1,0,2,40,45,9,0,1
2267,1,0,2,40,45,6,0,1
2267,1,0,2,60,28,26,1,1
2267,1,0,2,30,25,19,2,1
2267,1,0,2,20,25,19,0,1
2267,1,0,2,15,45,14,2,1
2401,1,0,2,5,5,33,0,1
2402,1,0,2,5,26,22,0,1
2402,1,0,2,10,8,30,0,1
2402,1,0,2,15,20,25,0,1
2401,1,0,2,20,24,31,1,1
2401,1,0,2,20,24,25,0,1
2402,1,0,2,20,31,21,0,1
2401,1,0,2,20,38,7,0,1
2401,1,0,2,25,44,5,2,1
2401,1,0,2,30,52,2,2,1
2401,1,0,2,35,34,15,1,1
2401,1,0,2,10,46,10,0,1
2401,1,0,2,20,40,7,0,1
2402,1,0,2,20,43,11,1,1
2541,1,0,2,5,20,36,0,1
2541,1,0,2,10,33,14,1,1
2542,1,0,2,10,34,15,2,1
2542,1,0,2,15,34,21,1,0
2542,1,0,2,20,20,29,1,1
2541,1,0,2,20,35,24,1,1
2542,1,0,2,20,43,8,2,1
2542,1,0,2,20,45,16,0,1
2542,1,0,2,20,48,9,1,1
2542,1,0,2,20,55,4,1,1
2541,1,0,2,30,26,29,2,1
2542,1,0,2,30,36,21,1,1
2542,1,0,2,30,37,16,2,1
2542,1,0,2,30,47,6,2,1
2541,1,0,2,40,22,31,1,1
2541,1,0,2,40,34,19,1,1
2542,1,0,2,40,50,0,0,1
2541,1,0,2,50,51,4,2,1
2542,1,0,2,35,40,37,2,1
2541,1,0,2,50,40,14,1,0
2688,1,0,2,10,44,17,1,1
2688,1,0,2,15,36,10,2,1
2688,1,0,2,20,29,24,1,1
2688,1,0,2,20,39,25,0,1
2688,1,0,2,20,44,13,1,1
2688,1,0,2,30,38,17,0,1
2687,1,0,2,35,60,33,0,1
2688,1,0,2,40,60,31,2,1
2687,1,0,2,40,60,2,0,1
2688,1,0,2,15,52,5,1,1
2688,1,0,2,10,28,27,1,1
2688,1,0,2,20,29,25,0,1
2840,1,0,2,5,33,15,1,1
2840,1,0,2,20,25,11,1,1
2840,1,0,2,20,31,24,1,1
2840,1,0,2,20,32,21,1,1
2840,1,0,2,20,35,18,1,1
2840,1,0,2,40,27,30,0,1
2840,1,0,2,40,41,0,1,1
2840,1,0,2,50,41,20,0,1
2840,1,0,2,40,36,17,2,1
2840,1,0,2,20,55,4,2,1
2840,1,0,2,40,15,13,1,1
2999,1,0,2,5,10,24,1,1
2999,1,0,2,10,10,44,1,1
2999,1,0,2,20,14,26,0,1
2999,1,0,2,40,23,34,1,1
2999,1,0,2,60,48,14,0,1
3165,1,0,2,5,55,12,0,1
3164,1,0,2,15,21,37,0,0
3165,1,0,2,15,26,31,1,1
3164,1,0,2,15,37,20,2,1
3164,1,0,2,20,23,37,1,1
3164,1,0,2,20,30,33,1,1
3164,1,0,2,20,35,20,0,1
3164,1,0,2,20,52,5,1,1
3165,1,0,2,30,47,12,0,1
3164,1,0,2,20,40,15,2,1
3165,1,0,2,50,55,5,1,1
3165,1,0,2,60,42,13,1,1
3337,1,0,2,10,18,41,1,1
3337,1,0,2,10,37,25,0,1
3337,1,0,2,20,21,35,1,1
3337,1,0,2,20,49,24,0,1
3337,1,0,2,40,49,8,1,0
3337,1,0,2,20,30,30,1,1
3337,1,0,2,15,21,37,2,1
3336,1,0,2,20,46,16,1,1
3336,1,0,2,60,50,14,0,1
3337,1,0,2,10,51,3,1,1
3516,1,0,2,5,20,22,1,1
3516,1,0,2,5,40,12,0,1
3516,1,0,2,20,54,26,0,1
3515,1,0,2,60,54,11,0,1
3516,1,0,2,30,38,19,0,1
3515,1,0,2,5,48,15,0,1
3516,1,0,2,10,17,29,2,1
3516,1,0,2,60,10,47,1,1
3516,1,0,2,10,45,17,1,1
3516,1,0,2,25,9,46,1,1
3516,1,0,2,20,50,13,1,1
3702,1,0,2,50,48,20,1,0
3702,1,0,2,10,10,47,0,1
3702,1,0,2,20,28,25,0,1
3702,1,0,2,20,34,23,2,1
3702,1,0,2,30,35,18,2,1
3702,1,0,2,20,50,13,1,1
3702,1,0,2,40,44,20,1,1
3702,1,0,2,10,32,32,1,1
3702,1,0,2,20,37,21,0,1
3702,1,0,2,40,24,40,1,1
3702,1,0,2,40,30,27,1,1
3702,1,0,2,30,56,12,1,1
3702,1,0,2,30,52,10,1,0
3895,1,0,2,15,39,23,0,1
3895,1,0,2,20,48,14,1,1
3895,1,0,2,40,35,27,1,1
3895,1,0,2,40,40,12,0,1
3895,1,0,2,20,40,27,0,1
3895,1,0,2,40,51,9,1,1
3896,1,0,2,20,20,42,2,1
4096,1,0,2,20,31,31,1,1
4096,1,0,2,20,41,23,1,1
151,1,1,2,30,12,2,1,1
150,1,1,2,30,12,5,2,1
169,1,1,2,20,16,0,0,1
168,1,1,2,30,15,1,1,1
168,1,1,2,40,8,6,1,1
169,1,1,2,70,22,0,0,1
188,1,1,2,20,20,2,2,1
188,1,1,2,35,15,4,1,1
188,1,1,2,40,17,2,0,1
209,1,1,2,30,18,2,1,1
232,1,1,2,5,10,4,0,1
232,1,1,2,15,10,9,0,1
232,1,1,2,20,10,4,1,1
231,1,1,2,20,14,9,1,1
231,1,1,2,20,21,2,2,1
232,1,1,2,30,11,7,1,1
232,1,1,2,15,21,8,1,1
256,1,1,2,5,21,5,0,1
256,1,1,2,25,17,5,0,1
257,1,1,2,40,19,0,0,1
256,1,1,2,40,20,5,0,1
283,1,1,2,15,15,9,0,1
283,1,1,2,20,25,1,0,1
283,1,1,2,40,22,5,2,1
283,1,1,2,40,26,5,1,1
312,1,1,2,20,14,9,1,1
312,1,1,2,20,20,10,1,1
312,1,1,2,30,16,2,0,1
342,1,1,2,10,10,13,0,1
342,1,1,2,10,15,6,2,1
342,1,1,2,10,20,7,0,1
342,1,1,2,20,8,13,1,1
342,1,1,2,20,19,3,1,1
342,1,1,2,20,28,1,0,1
342,1,1,2,30,17,10,1,1
342,1,1,2,40,18,5,1,1
375,1,1,2,5,17,7,2,1
375,1,1,2,20,13,2,0,1
375,1,1,2,20,15,11,0,1
375,1,1,2,20,22,1,2,1
375,1,1,2,20,26,1,0,0
375,1,1,2,25,25,4,1,1
410,1,1,2,30,25,6,0,1
411,1,1,2,10,25,15,0,1
411,1,1,2,10,25,1,2,1
410,1,1,2,15,25,6,1,1
411,1,1,2,20,11,15,2,1
411,1,1,2,25,20,8,0,1
410,1,1,2,25,22,1,0,0
410,1,1,2,30,23,6,0,1
410,1,1,2,30,26,3,1,1
410,1,1,2,30,26,7,0,1
410,1,1,2,35,18,2,2,1
411,1,1,2,45,29,2,0,1
410,1,1,2,55,31,0,1,1
411,1,1,2,70,25,0,1,1
410,1,1,2,90,25,5,0,1
448,1,1,2,10,7,3,2,1
448,1,1,2,15,16,11,1,1
448,1,1,2,15,30,0,1,1
448,1,1,2,20,12,4,0,1
448,1,1,2,20,14,11,2,1
448,1,1,2,20,17,7,0,1
448,1,1,2,20,19,12,1,1
448,1,1,2,20,21,7,1,1
448,1,1,2,25,17,11,1,1
448,1,1,2,25,25,7,2,1
448,1,1,2,30,23,5,1,1
448,1,1,2,30,5,2,0,1
448,1,1,2,35,5,7,1,1
448,1,1,2,40,5,6,2,1
448,1,1,2,40,9,13,1,1
448,1,1,2,40,25,6,2,1
448,1,1,2,40,26,6,2,1
448,1,1,2,50,21,2,1,1
448,1,1,2,55,26,7,2,1
448,1,1,2,60,25,13,0,1
488,1,1,2,5,25,5,0,1
488,1,1,2,10,15,12,0,1
488,1,1,2,10,19,13,1,1
488,1,1,2,20,17,16,1,1
488,1,1,2,20,27,10,1,1
488,1,1,2,20,27,0,0,1
488,1,1,2,20,27,5,2,1
488,1,1,2,25,14,8,1,1
488,1,1,2,25,22,8,2,1
488,1,1,2,30,29,3,0,1
488,1,1,2,40,20,2,1,1
489,1,1,2,40,28,9,1,1
488,1,1,2,40,28,4,0,1
488,1,1,2,45,11,10,1,1
488,1,1,2,50,21,9,2,1
489,1,1,2,50,21,11,0,1
488,1,1,2,80,24,7,0,1
531,1,1,2,20,24,13,0,1
531,1,1,2,5,12,10,1,1
531,1,1,2,5,20,6,2,1
531,1,1,2,10,20,13,1,1
531,1,1,2,20,17,5,1,1
531,1,1,2,25,17,14,0,1
531,1,1,2,25,24,6,0,1
531,1,1,2,25,24,10,1,0
531,1,1,2,30,20,3,0,1
531,1,1,2,40,18,6,1,1
531,1,1,2,40,18,18,0,1
531,1,1,2,40,18,11,0,1
531,1,1,2,70,19,6,0,1
531,1,1,2,80,8,5,1,1
577,1,1,2,5,10,19,1,1
577,1,1,2,5,21,19,0,1
577,1,1,2,10,10,11,2,1
577,1,1,2,10,21,10,1,1
577,1,1,2,10,21,11,0,1
577,1,1,2,10,28,4,0,1
577,1,1,2,15,7,17,0,1
577,1,1,2,15,14,14,1,1
577,1,1,2,15,15,18,2,1
577,1,1,2,15,17,14,1,1
577,1,1,2,15,24,11,1,1
577,1,1,2,15,24,7,1,1
577,1,1,2,15,32,7,1,1
577,1,1,2,20,13,14,0,1
577,1,1,2,20,17,4,1,1
577,1,1,2,20,19,3,1,1
577,1,1,2,20,22,6,0,1
577,1,1,2,20,24,6,1,1
577,1,1,2,20,30,4,0,1
577,1,1,2,30,26,9,0,1
577,1,1,2,35,26,7,1,1
577,1,1,2,40,11,4,2,1
577,1,1,2,40,15,16,1,1
577,1,1,2,40,20,10,2,1
577,1,1,2,40,22,12,1,1
577,1,1,2,40,23,7,1,1
577,1,1,2,40,29,2,2,1
577,1,1,2,40,35,3,1,1
577,1,1,2,40,35,6,2,1
577,1,1,2,50,32,2,1,1
577,1,1,2,60,24,14,1,1
577,1,1,2,90,33,2,1,1
626,1,1,2,30,19,17,1,1
626,1,1,2,5,12,16,2,1
626,1,1,2,5,22,5,1,1
626,1,1,2,15,10,16,0,1
625,1,1,2,15,12,10,1,1
625,1,1,2,15,29,2,2,1
625,1,1,2,20,12,8,0,1
625,1,1,2,20,12,17,0,1
625,1,1,2,20,20,12,2,1
625,1,1,2,20,21,14,1,1
625,1,1,2,20,25,2,0,1
625,1,1,2,20,28,4,1,1
625,1,1,2,20,28,12,1,1
625,1,1,2,20,32,2,1,1
626,1,1,2,25,16,12,1,1
626,1,1,2,25,17,14,0,0
625,1,1,2,30,10,10,2,1
625,1,1,2,30,14,14,1,1
626,1,1,2,30,28,12,1,1
626,1,1,2,30,28,1,1,1
625,1,1,2,30,28,10,1,0
625,1,1,2,40,12,17,2,1
625,1,1,2,40,16,6,1,1
625,1,1,2,40,20,12,1,1
626,1,1,2,50,17,8,0,1
625,1,1,2,50,17,0,2,1
625,1,1,2,60,17,15,0,1
626,1,1,2,60,17,16,2,1
626,1,1,2,60,19,9,1,1
626,1,1,2,60,19,13,1,1
626,1,1,2,60,21,15,2,1
626,1,1,2,60,24,14,1,1
625,1,1,2,60,26,2,1,1
625,1,1,2,85,33,2,1,1
677,1,1,2,5,10,21,0,1
677,1,1,2,10,5,18,1,1
677,1,1,2,10,13,10,1,1
677,1,1,2,10,16,18,1,1
677,1,1,2,10,16,6,1,1
677,1,1,2,10,19,13,0,1
677,1,1,2,10,16,11,1,1
677,1,1,2,15,16,14,0,1
677,1,1,2,15,27,5,1,1
677,1,1,2,20,11,16,2,1
677,1,1,2,20,15,11,2,1
677,1,1,2,20,15,3,1,1
677,1,1,2,20,20,10,0,1
677,1,1,2,20,30,5,0,1
677,1,1,2,25,11,21,0,1
677,1,1,2,25,21,14,0,1
677,1,1,2,25,25,1,0,1
677,1,1,2,25,31,0,2,1
677,1,1,2,30,17,17,1,1
677,1,1,2,30,24,7,1,1
677,1,1,2,30,31,2,0,1
677,1,1,2,30,20,0,1,1
677,1,1,2,35,20,18,2,1
677,1,1,2,35,23,12,0,1
677,1,1,2,40,38,6,1,1
677,1,1,2,40,38,1,1,1
677,1,1,2,45,19,16,2,1
677,1,1,2,45,26,9,1,1
677,1,1,2,50,25,7,1,1
677,1,1,2,50,25,12,2,1
677,1,1,2,50,29,4,1,1
677,1,1,2,60,26,9,0,1
677,1,1,2,60,35,6,1,1
732,1,1,2,40,26,12,1,0
732,1,1,2,10,5,22,1,1
732,1,1,2,10,28,15,1,1
731,1,1,2,10,28,8,1,1
732,1,1,2,15,17,19,0,1
732,1,1,2,15,23,4,2,1
731,1,1,2,15,26,10,0,1
731,1,1,2,20,14,17,0,1
731,1,1,2,20,20,8,1,1
732,1,1,2,20,24,7,0,1
731,1,1,2,20,24,14,0,1
731,1,1,2,20,25,10,0,0
732,1,1,2,20,26,13,1,1
732,1,1,2,20,32,2,1,1
732,1,1,2,20,40,1,1,1
732,1,1,2,25,19,17,1,0
731,1,1,2,30,10,21,0,0
732,1,1,2,30,22,14,1,1
732,1,1,2,30,23,13,1,1
731,1,1,2,30,28,8,0,1
731,1,1,2,30,30,2,1,1
731,1,1,2,40,10,16,2,1
731,1,1,2,40,13,16,1,1
731,1,1,2,40,18,14,2,1
732,1,1,2,40,20,5,1,1
731,1,1,2,40,25,12,0,1
731,1,1,2,40,26,6,1,1
732,1,1,2,40,34,4,0,1
731,1,1,2,50,15,20,1,1
732,1,1,2,50,28,7,1,1
731,1,1,2,60,22,0,1,1
731,1,1,2,60,32,4,1,1
732,1,1,2,80,38,3,1,1
731,1,1,2,20,20,7,1,1
789,1,1,2,10,10,17,1,1
789,1,1,2,10,19,14,0,1
790,1,1,2,10,19,13,0,1
790,1,1,2,15,13,19,1,1
790,1,1,2,15,21,18,2,1
790,1,1,2,20,18,7,1,1
789,1,1,2,20,20,7,1,1
789,1,1,2,20,22,9,1,1
789,1,1,2,20,23,8,1,1
790,1,1,2,20,25,9,0,1
789,1,1,2,20,30,10,2,0
790,1,1,2,25,19,21,0,1
789,1,1,2,25,19,16,2,1
790,1,1,2,30,27,6,1,1
789,1,1,2,30,30,1,0,1
789,1,1,2,30,31,4,2,1
789,1,1,2,35,25,10,1,1
790,1,1,2,40,12,21,2,1
790,1,1,2,50,18,13,1,1
789,1,1,2,50,33,4,0,1
789,1,1,2,60,22,16,0,1
789,1,1,2,60,34,2,2,0
790,1,1,2,60,34,4,1,1
789,1,1,2,65,28,6,1,1
851,1,1,2,5,19,17,1,1
851,1,1,2,5,40,4,1,1
851,1,1,2,10,30,3,2,1
851,1,1,2,15,12,24,1,1
851,1,1,2,20,14,19,1,1
851,1,1,2,20,14,18,1,1
851,1,1,2,20,16,21,1,1
851,1,1,2,20,18,12,1,1
851,1,1,2,20,18,18,1,1
851,1,1,2,20,20,9,2,1
851,1,1,2,20,22,14,1,1
851,1,1,2,20,22,11,1,1
851,1,1,2,20,24,10,1,1
851,1,1,2,20,38,1,0,1
851,1,1,2,25,14,20,1,1
850,1,1,2,25,15,21,2,0
851,1,1,2,25,22,14,2,1
851,1,1,2,25,30,5,0,1
851,1,1,2,25,35,4,2,1
850,1,1,2,30,12,23,1,1
851,1,1,2,30,19,9,0,1
851,1,1,2,30,20,18,1,1
851,1,1,2,30,22,16,2,1
851,1,1,2,30,24,16,1,1
851,1,1,2,30,27,7,2,1
850,1,1,2,30,34,6,0,1
850,1,1,2,35,25,12,2,1
851,1,1,2,40,7,24,0,1
851,1,1,2,40,15,21,0,1
851,1,1,2,40,25,14,1,1
851,1,1,2,40,26,7,2,1
851,1,1,2,40,27,6,0,1
851,1,1,2,40,30,11,0,1
851,1,1,2,60,6,24,0,1
851,1,1,2,60,23,23,2,1
851,1,1,2,60,23,16,0,1
851,1,1,2,60,31,7,0,1
851,1,1,2,85,28,5,1,1
850,1,1,2,25,26,10,0,1
915,1,1,2,80,31,6,2,1
915,1,1,2,5,17,13,1,1
916,1,1,2,10,10,24,1,1
915,1,1,2,10,10,15,2,1
915,1,1,2,10,25,9,1,1
915,1,1,2,10,29,12,2,1
916,1,1,2,15,12,18,1,1
916,1,1,2,15,12,23,1,1
915,1,1,2,15,15,20,2,1
916,1,1,2,15,17,19,0,1
915,1,1,2,20,14,20,2,1
915,1,1,2,20,14,21,1,1
915,1,1,2,20,23,11,2,1
915,1,1,2,20,23,17,1,1
915,1,1,2,20,24,13,0,1
915,1,1,2,20,31,4,1,1
916,1,1,2,20,38,0,1,1
915,1,1,2,20,16,3,1,1
915,1,1,2,25,16,1,1,1
915,1,1,2,25,30,0,2,1
915,1,1,2,25,30,6,1,1
916,1,1,2,25,34,2,0,1
915,1,1,2,25,37,5,1,1
915,1,1,2,30,10,10,1,1
915,1,1,2,30,37,9,1,1
915,1,1,2,30,37,2,1,1
915,1,1,2,30,37,3,1,1
915,1,1,2,35,34,2,1,1
916,1,1,2,40,8,23,0,1
915,1,1,2,40,11,24,2,1
915,1,1,2,40,36,1,1,1
915,1,1,2,40,36,2,1,1
915,1,1,2,40,38,1,1,1
915,1,1,2,45,17,20,1,1
915,1,1,2,45,23,17,1,1
915,1,1,2,45,25,10,0,1
915,1,1,2,60,19,18,2,1
916,1,1,2,60,33,8,2,1
916,1,1,2,60,36,3,0,1
915,1,1,2,70,32,7,0,1
916,1,1,2,10,20,20,0,1
916,1,1,2,40,32,3,1,1
916,1,1,2,40,23,12,0,1
984,1,1,2,30,18,22,1,1
984,1,1,2,45,19,21,0,1
984,1,1,2,60,20,16,1,1
984,1,1,2,5,10,11,0,1
984,1,1,2,5,15,20,1,1
984,1,1,2,10,10,26,1,1
984,1,1,2,15,9,26,0,1
984,1,1,2,15,21,8,0,1
984,1,1,2,15,40,1,1,0
984,1,1,2,20,19,15,2,1
984,1,1,2,20,24,13,2,1
984,1,1,2,20,25,17,1,1
984,1,1,2,20,26,12,2,1
984,1,1,2,20,29,12,1,1
984,1,1,2,20,30,6,2,1
984,1,1,2,20,33,1,1,1
984,1,1,2,25,32,10,2,1
984,1,1,2,30,20,18,1,1
984,1,1,2,30,20,20,2,0
984,1,1,2,30,33,4,0,1
984,1,1,2,30,35,4,1,1
984,1,1,2,30,37,3,1,1
984,1,1,2,30,38,1,0,1
984,1,1,2,30,38,3,2,1
984,1,1,2,35,19,12,2,1
984,1,1,2,35,19,20,1,1
984,1,1,2,35,24,14,0,1
984,1,1,2,40,7,23,2,1
984,1,1,2,40,10,22,0,1
984,1,1,2,40,17,24,1,1
984,1,1,2,40,30,14,2,1
984,1,1,2,40,30,2,1,1
984,1,1,2,40,30,7,1,1
984,1,1,2,40,39,0,0,1
984,1,1,2,50,30,10,1,1
984,1,1,2,60,30,10,1,1
984,1,1,2,40,31,11,0,1
984,1,1,2,20,21,14,1,1
984,1,1,2,40,31,3,1,1
984,1,1,2,30,21,17,1,1
984,1,1,2,25,28,11,0,1
1056,1,1,2,15,12,27,0,1
1056,1,1,2,40,20,17,1,1
1056,1,1,2,10,22,15,0,1
1056,1,1,2,10,38,3,2,1
1056,1,1,2,10,25,0,2,1
1056,1,1,2,15,25,16,0,1
1056,1,1,2,20,8,27,1,1
1056,1,1,2,20,17,20,2,1
1056,1,1,2,20,21,9,1,1
1056,1,1,2,20,22,10,1,1
1056,1,1,2,20,30,4,1,1
1056,1,1,2,20,40,1,1,1
1056,1,1,2,25,16,27,1,0
1056,1,1,2,25,43,2,0,1
1056,1,1,2,30,21,16,2,1
1056,1,1,2,30,22,15,1,1
1056,1,1,2,30,29,8,1,1
1056,1,1,2,30,29,18,0,1
1056,1,1,2,30,30,11,1,1
1056,1,1,2,30,32,5,0,1
1056,1,1,2,30,38,5,2,1
1056,1,1,2,30,16,0,1,1
1056,1,1,2,40,16,17,0,1
1056,1,1,2,40,17,20,0,1
1056,1,1,2,40,19,20,1,1
1056,1,1,2,40,28,6,0,1
1056,1,1,2,45,25,14,1,1
1056,1,1,2,45,39,3,2,1
1056,1,1,2,50,30,14,0,1
1056,1,1,2,60,22,15,2,1
1056,1,1,2,60,40,1,0,1
1056,1,1,2,20,5,25,0,1
1132,1,1,2,30,10,18,1,1
1132,1,1,2,5,10,8,0,1
1132,1,1,2,5,20,20,1,1
1132,1,1,2,10,5,23,0,0
1132,1,1,2,10,15,19,2,1
1132,1,1,2,10,13,18,1,1
1132,1,1,2,15,13,10,1,1
1132,1,1,2,15,19,18,1,1
1132,1,1,2,20,10,18,1,1
1132,1,1,2,20,10,23,2,1
1132,1,1,2,20,10,26,1,1
1132,1,1,2,20,19,23,0,1
1132,1,1,2,20,20,10,2,1
1132,1,1,2,20,23,18,1,1
1132,1,1,2,20,26,15,1,1
1132,1,1,2,25,20,20,1,1
1132,1,1,2,30,22,15,1,1
1132,1,1,2,30,30,0,0,1
1132,1,1,2,30,30,13,0,1
1132,1,1,2,40,7,26,0,1
1132,1,1,2,40,12,28,0,1
1132,1,1,2,40,12,28,0,1
1132,1,1,2,40,14,28,0,1
1132,1,1,2,40,25,20,1,0
1132,1,1,2,40,40,0,0,1
1132,1,1,2,40,40,2,1,1
1132,1,1,2,45,17,20,1,1
1132,1,1,2,50,11,27,1,1
1132,1,1,2,50,23,16,2,1
1132,1,1,2,50,35,4,0,1
1132,1,1,2,50,38,2,2,1
1132,1,1,2,60,34,12,1,1
1132,1,1,2,50,34,15,0,1
1132,1,1,2,40,34,8,1,1
1132,1,1,2,20,30,12,1,1
1132,1,1,2,20,19,19,0,1
1132,1,1,2,50,29,13,0,1
1132,1,1,2,35,28,12,1,1
1212,1,1,2,20,25,19,0,1
1212,1,1,2,5,42,2,1,1
1212,1,1,2,10,20,21,2,1
1212,1,1,2,10,20,1,0,1
1212,1,1,2,15,40,6,2,1
1212,1,1,2,20,20,16,1,1
1212,1,1,2,20,22,20,2,1
1212,1,1,2,20,26,10,0,1
1212,1,1,2,20,34,6,2,1
1212,1,1,2,20,35,9,1,1
1212,1,1,2,20,40,3,0,1
1212,1,1,2,25,29,9,1,1
1212,1,1,2,25,30,6,1,1
1212,1,1,2,25,41,4,1,1
1212,1,1,2,30,20,19,1,1
1212,1,1,2,30,23,13,1,1
1212,1,1,2,30,36,6,0,1
1212,1,1,2,30,39,4,1,0
1212,1,1,2,30,39,6,1,1
1212,1,1,2,30,40,3,1,1
1212,1,1,2,30,43,2,1,1
1212,1,1,2,40,20,18,0,1
1212,1,1,2,40,26,11,1,1
1212,1,1,2,40,33,1,0,1
1212,1,1,2,50,17,24,1,1
1212,1,1,2,50,29,14,1,1
1212,1,1,2,60,14,29,2,1
1212,1,1,2,60,26,1,1,1
1212,1,1,2,60,38,7,1,1
1212,1,1,2,10,30,9,1,1
1212,1,1,2,40,40,6,1,1
1297,1,1,2,10,7,28,0,1
1297,1,1,2,10,9,26,1,1
1296,1,1,2,10,20,21,2,1
1296,1,1,2,10,28,20,2,1
1297,1,1,2,10,39,1,1,1
1296,1,1,2,10,40,1,0,1
1297,1,1,2,10,16,4,2,1
1297,1,1,2,15,16,4,0,1
1296,1,1,2,15,26,15,1,1
1297,1,1,2,20,6,28,1,1
1296,1,1,2,20,16,8,1,1
1296,1,1,2,20,30,12,0,1
1296,1,1,2,20,30,1,1,1
1296,1,1,2,20,32,10,0,1
1296,1,1,2,20,33,15,1,1
1296,1,1,2,20,35,5,1,1
1297,1,1,2,20,35,8,2,1
1296,1,1,2,20,36,2,2,1
1297,1,1,2,20,36,5,1,1
1296,1,1,2,25,40,1,1,1
1297,1,1,2,30,8,30,1,1
1296,1,1,2,30,26,22,0,1
1296,1,1,2,40,30,7,2,0
1296,1,1,2,40,37,7,1,1
1297,1,1,2,40,38,10,0,1
1296,1,1,2,50,31,10,1,1
1296,1,1,2,55,18,22,0,1
1297,1,1,2,60,37,8,0,1
1296,1,1,2,65,25,16,0,1
1296,1,1,2,80,33,6,1,1
1296,1,1,2,20,22,20,1,1
1296,1,1,2,20,28,14,1,1
1297,1,1,2,50,15,28,0,1
1385,1,1,2,5,26,14,0,1
1385,1,1,2,5,27,16,1,1
1385,1,1,2,10,13,30,2,1
1385,1,1,2,10,30,17,2,1
1385,1,1,2,15,18,29,1,1
1385,1,1,2,15,25,16,2,1
1385,1,1,2,15,26,14,1,1
1385,1,1,2,20,20,29,1,1
1385,1,1,2,20,25,24,1,1
1385,1,1,2,20,27,20,1,1
1385,1,1,2,20,28,3,1,1
1385,1,1,2,20,36,13,2,1
1385,1,1,2,20,36,2,1,1
1385,1,1,2,20,36,10,0,1
1385,1,1,2,20,40,6,2,1
1385,1,1,2,25,12,31,1,1
1385,1,1,2,25,28,14,0,1
1385,1,1,2,30,10,30,1,1
1385,1,1,2,30,20,15,1,1
1385,1,1,2,30,43,6,1,1
1385,1,1,2,40,10,17,1,1
1385,1,1,2,40,12,28,2,1
1385,1,1,2,40,14,28,0,1
1385,1,1,2,40,28,19,0,1
1385,1,1,2,40,28,20,1,1
1385,1,1,2,40,30,15,1,1
1385,1,1,2,40,30,13,0,1
1385,1,1,2,40,34,9,1,1
1385,1,1,2,40,38,3,0,0
1385,1,1,2,45,26,19,0,1
1385,1,1,2,45,29,14,1,1
1385,1,1,2,50,35,16,2,1
1385,1,1,2,60,30,15,0,1
1385,1,1,2,60,34,5,1,1
1385,1,1,2,15,25,19,0,1
1478,1,1,2,5,15,17,1,1
1478,1,1,2,10,17,20,1,1
1478,1,1,2,10,17,32,1,1
1478,1,1,2,10,40,1,0,1
1478,1,1,2,10,45,2,1,1
1478,1,1,2,15,25,15,1,1
1478,1,1,2,15,43,2,0,1
1478,1,1,2,20,10,22,0,1
1478,1,1,2,20,13,31,1,1
1478,1,1,2,20,21,25,1,1
1478,1,1,2,20,22,17,0,1
1478,1,1,2,20,26,18,2,1
1478,1,1,2,20,39,12,1,1
1478,1,1,2,20,39,14,0,1
1478,1,1,2,30,17,13,2,1
1478,1,1,2,30,18,26,1,1
1478,1,1,2,30,20,12,1,1
1478,1,1,2,30,29,15,1,1
1478,1,1,2,30,37,8,2,1
1478,1,1,2,30,42,3,0,1
1478,1,1,2,40,19,27,0,1
1478,1,1,2,40,24,18,0,1
1478,1,1,2,40,34,16,0,1
1478,1,1,2,40,34,13,1,1
1478,1,1,2,40,35,10,0,1
1478,1,1,2,40,38,5,1,1
1478,1,1,2,45,23,19,0,1
1478,1,1,2,45,27,20,2,1
1478,1,1,2,50,25,16,0,1
1478,1,1,2,50,32,13,1,1
1478,1,1,2,55,19,14,2,1
1478,1,1,2,60,36,6,1,1
1478,1,1,2,60,44,5,1,1
1478,1,1,2,20,24,19,2,1
1478,1,1,2,40,29,22,1,1
1478,1,1,2,70,29,11,1,1
1478,1,1,2,20,16,21,2,1
1576,1,1,2,20,16,29,2,1
1575,1,1,2,5,18,24,1,1
1576,1,1,2,10,30,19,1,1
1576,1,1,2,10,32,12,0,1
1576,1,1,2,15,13,28,2,1
1575,1,1,2,15,38,3,0,1
1576,1,1,2,20,12,26,1,1
1576,1,1,2,20,14,30,2,1
1576,1,1,2,20,19,22,1,1
1576,1,1,2,20,22,24,2,1
1575,1,1,2,20,38,24,0,0
1576,1,1,2,20,38,3,2,1
1576,1,1,2,20,38,6,0,1
1575,1,1,2,20,43,15,0,1
1576,1,1,2,20,43,4,0,1
1575,1,1,2,20,46,7,2,1
1576,1,1,2,30,30,16,1,1
1576,1,1,2,35,31,13,2,1
1576,1,1,2,40,20,30,0,1
1575,1,1,2,40,48,1,1,1
1575,1,1,2,45,30,15,1,1
1576,1,1,2,60,18,23,0,1
1576,1,1,2,60,35,11,0,1
1678,1,1,2,5,15,31,2,1
1678,1,1,2,10,9,29,1,1
1678,1,1,2,10,37,32,1,1
1678,1,1,2,15,37,27,2,1
1678,1,1,2,15,37,0,2,1
1678,1,1,2,20,28,24,2,1
1678,1,1,2,20,30,8,1,1
1678,1,1,2,20,31,16,0,1
1678,1,1,2,20,37,10,1,1
1678,1,1,2,30,20,18,1,1
1678,1,1,2,30,22,18,0,1
1678,1,1,2,30,25,22,0,1
1678,1,1,2,30,33,11,0,1
1678,1,1,2,30,34,14,0,1
1678,1,1,2,35,30,9,1,1
1678,1,1,2,35,38,2,1,1
1678,1,1,2,40,14,34,2,1
1678,1,1,2,40,24,26,0,1
1678,1,1,2,40,36,9,1,1
1678,1,1,2,40,36,11,0,1
1678,1,1,2,40,37,15,1,1
1678,1,1,2,60,9,11,1,1
1678,1,1,2,60,33,10,0,1
1678,1,1,2,60,42,7,1,1
1678,1,1,2,15,35,14,2,1
1678,1,1,2,20,35,14,1,1
1678,1,1,2,10,20,26,2,1
1678,1,1,2,30,35,14,1,1
1678,1,1,2,35,38,15,2,1
1785,1,1,2,5,38,10,1,1
1785,1,1,2,10,29,16,0,1
1786,1,1,2,10,35,14,1,1
1785,1,1,2,10,35,15,0,1
188,0,0,0,0,0,0,0,2
